"X","Y","id","title","uid","hollow","type","diocese","province","honigmann_page_number","hierokles_section_and_line_numbers","external_references"
"28.956829135300001","41.024650316200002","0","Konstantinoupolis","1","\N","place","\N","\N","12","631,3","BA 52 D2"
"28.247676999999999","41.078496000000001","511414","Eudoxiopolis","4","\N","place","Thrakike","Europe","12","632,1","BA 52 C2"
"27.952973","40.971012999999999","511357","Herakleia","5","\N","place","Thrakike","Europe","12","632,2","BA 52 B3"
"27.352699000000001","41.401740500000002","511185","Arkadioupolis","6","\N","place","Thrakike","Europe","12","632,3","BA 52 A2"
"27.765288999999999","41.572702","511190","Bizye","7","\N","place","Thrakike","Europe","12","632,4","BA 52 B1"
"27.466995000000001","40.907131999999997","511351","Panion","8","\N","place","Thrakike","Europe","12","632,5","BA 52 A3"
"27.280325000000001","40.914313999999997","511347","Ornoi","9","\N","place","Thrakike","Europe","12","632,6","BA 52 A3"
"27.324356999999999","40.750540999999998","511415","Ganos","10","\N","place","Thrakike","Europe","12","633,1","BA 52 A3"
"26.677434999999999","40.417447000000003","501450","Kallipolis","11","\N","place","Thrakike","Europe","12","633,2","BA 51 H4"
"26.2099417674","40.726994052599998","0","Merizos","12","f","place","Thrakike","Europe","12","633,3","TIB Ostthrakien 530"
"26.666547693599998","40.334047171599998","0","Sausadia","14","f","place","Thrakike","Europe","12","633,5","TIB Ostthrakien 630"
"26.834644999999998","40.538708","501352","Aphrodisia","15","\N","place","Thrakike","Europe","12","634,1","BA 51 H3"
"27.107355600000002","40.926940899999998","511153","Apros","16","\N","place","Thrakike","Europe","12","634,2","BA 52 A3"
"26.367552","40.207121000000001","501471","Koila","17","\N","place","Thrakike","Europe","12","634,3","BA 51 G4"
"26.085729000000001","40.724898500000002","501337","Ainos","19","\N","place","Thrakike","Rodope","12","634,5","BA 51 G3"
"25.325278000000001","41.128610999999999","501574","Maximianoupolis","20","\N","place","Thrakike","Rodope","12","634,6","BA 51 E2"
"26.057249500000001","40.858826999999998","501649","Traianoupolis","21","\N","place","Thrakike","Rodope","12","634,7","BA 51 G3"
"25.511426","40.873750999999999","501507","Maroneia","22","\N","place","Thrakike","Rodope","12","634,8","BA 51 F3"
"24.773105000000001","41.079555999999997","501645","Tapeiros","23","\N","place","Thrakike","Rodope","12","634,9","51 D2 Topeiros"
"23.6695220199","41.3352369021","0","Nikopolis","24","\N","place","Thrakike","Rodope","12","635,1","51 B1 Nicopolis ad Nestum"
"24.749473999999999","42.145589000000001","216927","Philippoupolis","27","\N","place","Thrakike","Thrake","12","635,4","BA 22 B6"
"25.624862","42.425402499999997","216731","Beroe","28","\N","place","Thrakike","Thrake","12","635,5","BA 22 C6"
"24.7077165","42.503217999999997","216792","Diokletianoupolis","29","\N","place","Thrakike","Thrake","12","635,6","BA 22 B6"
"26.526177660799998","42.492292903299997","0","Diospolis","31","\N","place","Thrakike","Thrake","13","635,8","BA 22 D6"
"26.562891","41.676459000000001","501428","Adrianoupolis","33","\N","place","Thrakike","Haimimontos","13","635,10","BA 51 H1"
"27.641373999999999","42.555937","216702","Anchialos","34","\N","place","Thrakike","Haimimontos","13","635,11","BA 22 E6"
"26.913865807400001","42.250959780400002","0","Debeltos","35","\N","place","Thrakike","Haimimontos","13","635,12","BA 22 E6; TIB Thrakien 234"
"26.499701999999999","41.358625000000004","501572","Plotinopolis","36","\N","place","Thrakike","Haimimontos","13","635,13","BA 51 G2"
"27.585032999999999","43.22504","216878","Markianoupolis","39","\N","place","Thrakike","Mysia II","13","636,2","BA 22 E5"
"27.91835","43.200246999999997","216904","Odessos","40","\N","place","Thrakike","Mysia II","13","636,3","BA 22 E5"
"27.2606709503","44.116698955399997","0","Dorostolos","41","f","place","Thrakike","Mysia II","13","636,4","BA 22 E4"
"25.612231999999999","43.217925000000001","216895","Nikopolis","42","\N","place","Thrakike","Mysia II","13","636,5","BA 22 C5"
"25.394017999999999","43.607221000000003","216899","Nobai","43","\N","place","Thrakike","Mysia II","13","636,6","BA 22 C5"
"26.245621","43.987675000000003","216707","Appiaria","44","\N","place","Thrakike","Mysia II","13","636,7","BA 22 D5"
"26.523115000000001","43.524974999999998","216688","Abrittos","45","\N","place","Thrakike","Mysia II","13","636,8","BA 22 D5"
"28.661176000000001","44.172488999999999","217016","Tomis","47","\N","place","Thrakike","Skythia","13","637,1","BA 22 F4"
"28.163043999999999","43.409931999999998","216793","Dionysopolis","48","\N","place","Thrakike","Skythia","13","637,2","BA 22 F5"
"28.582750000000001","43.817152","216744","Kallatis","50","\N","place","Thrakike","Skythia","13","637,4","BA 22 F5"
"28.774799999999999","44.547600000000003","216839","Istros","51","\N","place","Thrakike","Skythia","13","637,5","BA 22 F4"
"28.885785871700001","44.687539148600003","0","Constantiana","52","f","place","Thrakike","Skythia","13","637,6","TIR Romula 34"
"27.950014800000002","44.097152149999999","217027","Tropaion","54","\N","place","Thrakike","Skythia","13","637,8","BA 22 E4"
"28.021785000000001","44.331851999999998","216722","Axioupolis","55","\N","place","Thrakike","Skythia","14","637,9","BA 22 F4"
"28.090320999999999","44.493738999999998","216748","Kapidaba","56","\N","place","Thrakike","Skythia","14","637,10","BA 22 F4"
"27.951694","44.6868135","216753","Karsos","57","\N","place","Thrakike","Skythia","14","637,11","BA 22 E4"
"28.1951","45.1432","217025","Trosmis","58","\N","place","Thrakike","Skythia","14","637,12","BA 22 F3"
"28.491914999999999","45.270525999999997","216900","Nobiodounon","59","\N","place","Thrakike","Skythia","14","637,13","BA 22 F3"
"28.806360999999999","45.179780000000001","216694","Aigissos","60","\N","place","Thrakike","Skythia","14","637,14","BA 22 F3"
"29.19792","45.024560999999999","226617","Halmyris","61","\N","place","Thrakike","Skythia","14","637,15","BA 23 C3"
"22.949569","40.630282000000001","491741","Thessalonike","64","\N","place","Illyrikon","Makedonia I","14","638,2","BA 50 C3"
"22.492742499999999","40.770277499999999","491687","Pelle","65","\N","place","Illyrikon","Makedonia I","14","638,3","BA 50 C3"
"22.556736000000001","40.899845999999997","491595","Europos","66","\N","place","Illyrikon","Makedonia I","14","638,4","BA 50 C3"
"22.491299000000001","40.177011999999998","491572","Dion","67","\N","place","Illyrikon","Makedonia I","14","638,5","BA 50 B4"
"22.201492666699998","40.522126666699997","491546","Beroia","68","\N","place","Illyrikon","Makedonia I","14","638,6","BA 50 B3"
"22.042253543299999","40.429790773199997","0","Eordaia","69","\N","place","Illyrikon","Makedonia I","14","638,7","BA 50 A3"
"22.057183999999999","40.797176","491585","Edessa","70","\N","place","Illyrikon","Makedonia I","14","638,8","BA 50 B3"
"25.249064544300001","42.237601390599998","0","Kellai","71","\N","place","Illyrikon","Makedonia I","14","638,9","BA 22 C6 Cillis?"
"21.3685289529","41.021553814500002","0","Herakleia Lynkou","74","\N","place","Illyrikon","Makedonia I","14","639,1","BA 49 D2"
"21.265539931900001","41.078894859000002","0","Nikaia?","77","\N","place","Illyrikon","Makedonia I","14","639,3","BA 49 D2 Nicia"
"22.754283999999998","41.382427999999997","491573","Doberos","78","\N","place","Illyrikon","Makedonia I","14","639,4","BA 50 C2"
"22.498913000000002","41.284255999999999","491586","Idomene","79","\N","place","Illyrikon","Makedonia I","14","639,5","BA 50 B2"
"22.855650665799999","41.008974893100003","0","Bragylos","80","\N","place","Illyrikon","Makedonia I","14","639,6","BA 50 C2 Bragylai"
"23.277847999999999","41.561118999999998","491683","Paroikopolis","82","\N","place","Illyrikon","Makedonia I","14","639,8","BA 50 D1"
"23.3024341273","41.290157782999998","0","Herakleia Strymonos","83","\N","place","Illyrikon","Makedonia I","15","639,9","BA 50 D2"
"23.542452999999998","41.087975","501616","Serrai","84","\N","place","Illyrikon","Makedonia I","15","639,10","BA 51 B2 Sirra"
"24.334510999999999","41.025179999999999","501564","Philippoi","85","\N","place","Illyrikon","Makedonia I","15","640,1","BA 51 C2"
"23.847445","40.820354000000002","501347","Amphipolis","86","\N","place","Illyrikon","Makedonia I","15","640,2","BA 51 B3"
"23.482784708000001","40.647618031599997","0","Apollonia","87","f","place","Illyrikon","Makedonia I","15","640,3","BA 50 D3"
"24.415015","40.935040000000001","501523","Neapolis","88","\N","place","Illyrikon","Makedonia I","15","640,4","BA 51 C3"
"23.880112","40.399749999999997","501339","Akanthos","89","\N","place","Illyrikon","Makedonia I","15","640,5","BA 51 B4"
"23.508247000000001","40.910981999999997","501374","Berge","90","\N","place","Illyrikon","Makedonia I","15","640,6","BA 51 B3"
"23.328898822599999","41.0206576183","0","Aralos","91","\N","place","Illyrikon","Makedonia I","15","640,7","BA 50 D2 Ar(r)olos"
"24.538414","40.968007","501341","Akontisma","93","\N","place","Illyrikon","Makedonia I","15","640,8b","BA 51 D3"
"24.7116209633","40.778546469600002","0","Nesos Thasos","94","\N","place","Illyrikon","Makedonia I","15","640,9","BA 51 D3"
"25.5319472961","40.508264662999999","0","Nesos Samothrake","95","\N","place","Illyrikon","Makedonia I","15","640,10","BA 51 F4"
"21.974974","41.552591","491731","Stoboi","97","\N","place","Illyrikon","Makedonia II","15","641,2","BA 50 A1"
"21.885071","41.581350999999998","491527","Argos","98","\N","place","Illyrikon","Makedonia II","15","641,3","BA 50 A1"
"22.452878607399999","41.629259026900002","0","Aistraion","99","f","place","Illyrikon","Makedonia II","15","641,4","BA 50 B1 Astraia?"
"21.610690999999999","41.313277999999997","481952","Pelagonia","100","\N","place","Illyrikon","Makedonia II","15","641,5","BA 49 D2"
"22.26784","41.800995","491538","Bargala","101","\N","place","Illyrikon","Makedonia II","16","641,6","BA 50 B1"
"22.42097025","39.634850999999998","540905","Larissa","106","\N","place","Illyrikon","Thessalia","16","642,2","BA 55 C1"
"22.9223395","39.343874999999997","540730","Demetrias","107","\N","place","Illyrikon","Thessalia","16","642,3","BA 55 D2"
"22.762343740599999","39.2730303612","541137","Thebai","108","\N","place","Illyrikon","Thessalia","16","642,4","BA 55 D2"
"22.723917","38.893411999999998","540749","Echinos","109","\N","place","Illyrikon","Thessalia","16","642,5","BA 55 D3"
"22.442592999999999","38.902996000000002","540902","Lamia","110","\N","place","Illyrikon","Thessalia","16","642,6","BA  55 C3"
"22.252089999999999","38.871397000000002","540827","Hypata","111","\N","place","Illyrikon","Thessalia","16","642,7","BA 55 C3"
"21.83866205","39.338613250000002","540947","Metropolis","112","\N","place","Illyrikon","Thessalia","16","642,8","BA 55 B2"
"21.782997999999999","39.568904000000003","541163","Trikke","113","\N","place","Illyrikon","Thessalia","16","642,9","BA 55 B1"
"21.676805999999999","39.436045","540792","Gomphoi","114","\N","place","Illyrikon","Thessalia","16","642,10","BA 55 B2"
"21.635859722399999","40.3771142776","0","Diokletianoupolis","116","\N","place","Illyrikon","Thessalia","16","642,12","BA 49 D3; Papazoglou, Villes 238-39, 440"
"22.351389333299998","39.3138696667","541042","Pharsalos","117","\N","place","Illyrikon","Thessalia","16","642,13","BA 55 C2"
"23.488506000000001","39.164020999999998","541104","Nesos Skiathos","120","\N","place","Illyrikon","Thessalia","16","643,3","BA 55 E2"
"23.720705925099999","39.1242161455","0","Skopelos","121","\N","place","Illyrikon","Thessalia","16","643,4","BA 55 F2 Peparethos"
"23.716667000000001","39.116667","541024","Nesos Peparethos","122","\N","place","Illyrikon","Thessalia","16","643,5","BA 55 F2"
"22.676530566699999","38.810499","541103","Skarpheia","124","\N","place","Illyrikon","Hellas","16","643,7","BA 55 D3"
"22.764982","38.626348999999998","540755","Elateia","125","\N","place","Illyrikon","Hellas","16","643,8","BA 55 D3"
"22.447412499999999","38.658144","540691","Boion","126","\N","place","Illyrikon","Hellas","16","643,9a","BA 55 C3"
"22.5585205","38.708669499999999","540743","Drymia","127","\N","place","Illyrikon","Hellas","16","643,9b","BA 55 D3"
"22.734938","38.511067500000003","540723","Daulis","128","\N","place","Illyrikon","Hellas","16","643,10","BA 55 D3"
"22.889322249599999","38.487678600300001","0","Chaironeia","129","\N","place","Illyrikon","Hellas","17","643,11","BA 55 D4"
"21.831267","38.399726000000001","540960","Naupactos","130","\N","place","Illyrikon","Hellas","17","643,12","BA 55 B4"
"22.501405500000001","38.481954500000001","540726","Delphoi","131","\N","place","Illyrikon","Hellas","17","643,13","BA 55 D4"
"22.374172000000002","38.518402999999999","540630","Amphissa","132","\N","place","Illyrikon","Hellas","17","644,1","BA 55 C3"
"22.673317999999998","38.5817245","541152","Tithora","133","\N","place","Illyrikon","Hellas","17","644,2","BA 55 D3"
"22.653227999999999","38.425796499999997","540626","Ambrosos","134","\N","place","Illyrikon","Hellas","17","644,3","BA 55 D4"
"22.626059000000001","38.375439","540642","Antikyra","135","\N","place","Illyrikon","Hellas","17","644,4","BA 55 D4"
"22.874961500000001","38.435374500000002","540907","Lebadeia","136","\N","place","Illyrikon","Hellas","17","644,5","BA 55 D4"
"22.957111999999999","38.391204000000002","540717","Koroneia","137","\N","place","Illyrikon","Hellas","17","644,6","BA 55 D4"
"22.739170999999999","38.395501000000003","541113","Stiris","138","\N","place","Illyrikon","Hellas","17","644,7","BA 55 D4"
"23.047878000000001","38.630640499999998","540986","Opous","139","\N","place","Illyrikon","Hellas","17","644,8","BA 55 E3"
"23.050610048100001","38.860339868600001","0","Aidepsos","141","\N","place","Illyrikon","Hellas","17","644,10","BA 55 E3"
"23.870000000000001","38.530000000000001","540775","Nesos Euboia","142","\N","place","Illyrikon","Hellas","17","644,11","BA 55 E3"
"23.451654999999999","38.497692999999998","540639","Anthedon","143","\N","place","Illyrikon","Hellas","17","644,12","BA 55 E4"
"23.169437236299999","38.615311416499999","0","Boumelita","144","\N","place","Illyrikon","Hellas","17","645,1","BA 55 E3"
"23.1528615","38.295831","541141","Thespiai","145","\N","place","Illyrikon","Hellas","17","645,2","BA 55 E4"
"23.103147","38.555374999999998","540823","Hyettos","146","\N","place","Illyrikon","Hellas","17","645,3a","BA 55 E3"
"22.967793","38.260886666700003","541146","Thisbai","147","\N","place","Illyrikon","Hellas","17","645,3b","BA 55 D4"
"23.317799000000001","38.319076000000003","541138","Thebai","148","\N","place","Illyrikon","Hellas","17","645,4","BA 55 E4"
"23.581173","38.300198333300003","580114","Tanagra","149","\N","place","Illyrikon","Hellas","17","645,5","BA 55 F4"
"21.614461285699999","38.347306721300001","0","Chalkis","150","\N","place","Illyrikon","Hellas","17","645,6","BA 55 B4"
"24.0617456867","38.394831410499997","0","Porthmos","151","\N","place","Illyrikon","Hellas","17","645,7","BA 55 G4"
"24.420380999999999","38.016540999999997","570336","Karystos","152","\N","place","Illyrikon","Hellas","17","645,8","BA 58 G1"
"23.273344999999999","38.221257000000001","541063","Plataiai","153","\N","place","Illyrikon","Hellas","17","645,9","BA 55 E4"
"23.2294868","38.1497606","570051","Aigosthena","154","\N","place","Illyrikon","Hellas","17","645,10","BA 58 E1"
"23.7239851818","37.972746545500002","579885","Athenai","155","\N","place","Illyrikon","Hellas","17","645,11","BA 58 F2"
"23.340163","37.985078000000001","570468","Megara","156","\N","place","Illyrikon","Hellas","17","645,12","BA 58 E2"
"23.197116000000001","38.084923000000003","570543","Pagai","157","\N","place","Illyrikon","Hellas","17","645,13","BA 58 E1"
"23.1367200653","37.928721804699997","0","Krommyon","158","\N","place","Illyrikon","Hellas","17","645,14","BA 58 E2"
"23.493718531500001","37.733848905499997","0","Aigina Nesos","159","\N","place","Illyrikon","Hellas","17","645,15","BA 58 F2"
"23.168834185200001","37.260727652","0","Pityoussa","160","\N","place","Illyrikon","Hellas","17","646,1","BA 58 E3"
"24.307388826299999","37.579455967800001","0","Kea","161","\N","place","Illyrikon","Hellas","17","646,2","BA 58 G2"
"24.429784000000001","37.412292999999998","570402","Kythnos","162","\N","place","Illyrikon","Hellas","17","646,3","BA 58 G3"
"25.271111000000001","37.393332999999998","599588","Delos","163","\N","place","Illyrikon","Hellas","17","646,4","BA 61 A3"
"24.565356000000001","38.902983999999996","541108","Skyros","164","\N","place","Illyrikon","Hellas","17","646,5","BA 55 H3"
"23.510000000000002","37.93","580101","Salamis Nesos","165","\N","place","Illyrikon","Hellas","17","646,6","BA 58 E2"
"22.879189","37.906033000000001","570182","Korinthos","166","\N","place","Illyrikon","Hellas","18","646,7","BA 58 D2"
"22.7108171","37.808903999999998","570504","Nemea","167","\N","place","Illyrikon","Hellas","18","646,8a","BA 58 D2"
"22.7168885","37.982298999999998","570668","Sikyon","168","\N","place","Illyrikon","Hellas","18","646,8b","BA 58 D2"
"22.377887000000001","38.129792500000001","570043","Aigeira","169","\N","place","Illyrikon","Hellas","18","646,9","BA 58 C1"
"22.081952000000001","38.252707000000001","570049","Aigion","170","\N","place","Illyrikon","Hellas","18","646,10","BA 58 C1"
"23.369604500000001","37.583948499999998","570482","Methana","171","\N","place","Illyrikon","Hellas","18","646,11","BA 58 E2"
"23.362444","37.496395","570756","Troizen","172","\N","place","Illyrikon","Hellas","18","647,1","BA 58 E3"
"23.160156350000001","37.6334625","570228","Epidauros","173","\N","place","Illyrikon","Hellas","18","647,2","BA 58 E2"
"23.243590999999999","37.385218000000002","570292","Hermione","174","\N","place","Illyrikon","Hellas","18","647,3","BA 58 E3"
"22.719463999999999","37.631560999999998","570106","Argos","175","\N","place","Illyrikon","Hellas","18","647,4","BA 58 D2"
"22.420672","37.455300999999999","570707","Tegea","176","\N","place","Illyrikon","Hellas","18","647,5","BA 58 C3"
"21.87884","37.710489000000003","570722","Thelpousa","177","\N","place","Illyrikon","Hellas","18","647,6","BA 58 B2"
"22.393259","37.618138000000002","570459","Mantineia","178","\N","place","Illyrikon","Hellas","18","647,7","BA 58 C2"
"22.5012053333","37.048558666700004","570406","Lakedaimon","179","\N","place","Illyrikon","Hellas","18","647,8","BA 58 C3 Sparta"
"22.706911999999999","36.992193","570263","Geronthrai","180","\N","place","Illyrikon","Hellas","18","647,9","BA 58 D4"
"22.280564500000001","37.029321000000003","570591","Pharis","181","\N","place","Illyrikon","Hellas","18","647,10","BA 58 C3"
"22.854554","36.730440000000002","570129","Asopos","182","\N","place","Illyrikon","Hellas","18","647,11","BA 58 D4"
"22.785366","36.794176","570058","Akreai","183","\N","place","Illyrikon","Hellas","18","647,12","BA 58 D4"
"21.839109000000001","37.39629","570598","Phigaleia","184","\N","place","Illyrikon","Hellas","18","647,13","BA 58 B3"
"21.920438999999998","37.175491000000001","570479","Messene","185","\N","place","Illyrikon","Hellas","18","647,14","BA 58 B3"
"21.927944","36.954171000000002","570371","Korone","186","\N","place","Illyrikon","Hellas","18","647,15","BA 58 B4"
"21.925628550700001","36.797385544999997","0","Asine","187","\N","place","Illyrikon","Hellas","18","647,16","BA 58 B4"
"21.705877999999998","36.816180000000003","570483","Mothone","188","\N","place","Illyrikon","Hellas","18","647,17","BA 58 B4"
"21.681159000000001","37.248527000000003","570397","Kyparissia","189","\N","place","Illyrikon","Hellas","18","648,1","BA 58 B3"
"21.364771152700001","37.886502461399999","0","Elis","190","\N","place","Illyrikon","Hellas","18","648,2","BA 58 A2"
"21.738517999999999","38.243265000000001","570567","Patrai","191","\N","place","Illyrikon","Hellas","18","648,3","BA 58 B1"
"20.59","38.200000000000003","530826","Nesos Kephallenia","193","\N","place","Illyrikon","Hellas","18","648,5","BA 54 B5"
"20.5596397266","38.454448006","0","Panormos","194","\N","place","Illyrikon","Hellas","18","648,6","BA 54 C5"
"20.760000000000002","37.770000000000003","531155","Nesos Zakynthos","195","\N","place","Illyrikon","Hellas","18","648,7","BA 54 inset"
"22.976826791699999","36.232449886399998","0","Nesos Kythera","196","\N","place","Illyrikon","Hellas","18","648,8","BA 58 inset"
"25.328619","37.445959000000002","599807","Nesos Mykonos","197","\N","place","Illyrikon","Hellas","18","648,9","BA 61 A3"
"21.007439680000001","37.252944922799998","0","Nesoi Strophades","198","\N","place","Illyrikon","Hellas","18","648,10","TIB Nikopolis 266"
"24.550000000000001","36.799999999999997","589868","Nesos Kimolos","199","\N","place","Illyrikon","Hellas","18","648,11","BA 58 H4"
"23.336396299699999","37.689568978799997","0","Nesos Dorousa","200","\N","place","Illyrikon","Hellas","19","648,12","BA 58 E2 Pityonesos Ins.; TIB Hellas 149"
"25.25","39.916666999999997","550693","Nesos Lemnos","201","\N","place","Illyrikon","Hellas","19","649,1","BA 56 A2"
"25.844443999999999","40.160832999999997","501439","Nesos Imbros","202","\N","place","Illyrikon","Hellas","19","649,2","BA 51 F4"
"24.9469437222","35.062720166699997","589796","Gortyna","204","\N","place","Illyrikon","Krete","19","649,4","BA 60 C2"
"25.283733999999999","34.987825999999998","589819","Einatos","205","\N","place","Illyrikon","Krete","19","649,5","BA 60 D3"
"25.402881000000001","35.060831999999998","589730","Bienna","206","\N","place","Illyrikon","Krete","19","649,6","BA 60 D2 Biannos"
"25.738750499999998","35.009528500000002","589807","Hierapydna","207","\N","place","Illyrikon","Krete","19","649,7","BA 60 E2"
"25.71726","35.190776","589900","Kamara","208","\N","place","Illyrikon","Krete","19","650,1","BA 60 E2 Lato pros Kamara"
"25.712645817799999","35.2935332825","0","Allyngos","209","\N","place","Illyrikon","Krete","19","650,2","BA 60 E2 Olous; RE Allyngos"
"25.388566999999998","35.319164999999998","589744","Chersonesos","210","\N","place","Illyrikon","Krete","19","650,3","BA 60 D2"
"25.370339999999999","35.212882999999998","589918","Lyktos","211","\N","place","Illyrikon","Krete","19","650,4","BA 60 D2"
"25.282439","35.080331000000001","589710","Arkadia","212","\N","place","Illyrikon","Krete","19","650,5","BA 60 D2 Arkades"
"25.163105999999999","35.297846999999997","589872","Knosos","213","\N","place","Illyrikon","Krete","19","650,6","BA 60 D2"
"24.639291","35.258740000000003","590063","Soubritos","214","\N","place","Illyrikon","Krete","19","650,7","BA 60 C2 Sybrita"
"24.840105999999999","35.302424000000002","590095","Oaxos","215","\N","place","Illyrikon","Krete","19","650,8","BA 60 C2 (W)Axos"
"24.663544000000002","35.33867","589772","Eleutherna","216","\N","place","Illyrikon","Krete","19","650,9","BA 60 C2"
"24.340886661799999","35.287789953699999","0","Lampe","217","\N","place","Illyrikon","Krete","19","650,10","BA 60 B2 Lappa"
"24.144976400000001","35.464770250000001","589704","Aptera","218","\N","place","Illyrikon","Krete","19","650,11","BA 60 B2"
"24.018689999999999","35.515774999999998","589886","Kydonia","219","\N","place","Illyrikon","Krete","19","650,12","BA 60 B1"
"23.660727000000001","35.495306999999997","589870","Kisamos","220","\N","place","Illyrikon","Krete","19","650,13","BA 60 A2"
"23.738348999999999","35.330337","589838","Kantanos","221","\N","place","Illyrikon","Krete","19","650,14","BA 60 A2"
"23.794048","35.283177999999999","589776","Elyros","222","\N","place","Illyrikon","Krete","19","650,15","BA 60 A2"
"23.789629999999999","35.247256999999998","589914","Lissos","223","\N","place","Illyrikon","Krete","19","650,16","BA 60 A2"
"24.0775338664","35.200915832299998","0","Phoinike","224","\N","place","Illyrikon","Krete","19","651,1a","BA 60 B2 Phoinix"
"24.060290999999999","35.227460000000001","589705","Araden","225","\N","place","Illyrikon","Krete","19","651,1b","BA 60 B2"
"24.083333","34.833333000000003","589858","Kaudos Nesos","226","\N","place","Illyrikon","Krete","19","651,2","BA 60 B3"
"20.735952999999999","39.023389000000002","531013","Nikopolis","228","\N","place","Illyrikon","Palaia Epeiros","19","651,4","BA 54 C3"
"20.787766999999999","39.546432000000003","530843","Dodone","229","\N","place","Illyrikon","Palaia Epeiros","19","651,5","BA 54 C2"
"20.608378959300001","39.337375540300002","0","Euroia Akniou","230","\N","place","Illyrikon","Palaia Epeiros","19","651,6-7","BA 54 C3"
"20.222679834699999","39.995277171399998","530885","Adrianoupolis","231","\N","place","Illyrikon","Palaia Epeiros","19","651,8","BA 54 B2"
"20.056564000000002","39.913912000000003","531061","Phoinike","233","\N","place","Illyrikon","Palaia Epeiros","19","652,2","BA 54 B2 Phoinike 1"
"20.012311","39.876176999999998","531019","Anchiasmos","234","\N","place","Illyrikon","Palaia Epeiros","19","652,3","BA 54 B2 Onchesmos"
"20.022139750000001","39.745475249999998","530824","Bouthrotos","235","\N","place","Illyrikon","Palaia Epeiros","19","652,4","BA 54 B2"
"20.496254","39.482047999999999","531064","Photike","236","\N","place","Illyrikon","Palaia Epeiros","19","652,5","BA 54 B3"
"19.75","39.666666999999997","530835","Kerkyra Nesos","237","\N","place","Illyrikon","Palaia Epeiros","19","652,6","BA 54 A2 Corcyra Ins."
"20.710000000000001","38.340000000000003","530906","Ithake Nesos","238","\N","place","Illyrikon","Palaia Epeiros","20","652,7","BA 54 C5"
"19.444876000000001","41.316434999999998","481865","Dyrrachion","240","\N","place","Illyrikon","Nea Epeiros","20","653,1","BA 49 B2"
"20.092645999999998","41.116774999999997","481982","Skampa","241","\N","place","Illyrikon","Nea Epeiros","20","653,2","BA 49 C2"
"19.462878","40.733919499999999","481728","Apollonia","242","\N","place","Illyrikon","Nea Epeiros","20","653,3","BA 49 B3"
"19.735426499999999","40.545150499999998","481777","Boullis","243","\N","place","Illyrikon","Nea Epeiros","20","653,4","BA 49 B3"
"19.61777","40.467944000000003","481715","Amantia","244","\N","place","Illyrikon","Nea Epeiros","20","653,5","BA 49 B3"
"19.473196999999999","40.484898000000001","481750","Aulon","246","\N","place","Illyrikon","Nea Epeiros","20","653,7","BA 49 B3"
"20.793813","41.114618999999998","481900","Lychnidos","247","\N","place","Illyrikon","Nea Epeiros","20","653,8","BA 49 C2"
"23.342891000000002","42.722825999999998","207439","Sardike","251","\N","place","Illyrikon","Dakia Mesogeios","20","654,3","BA 21 F7"
"22.688244000000001","42.281134000000002","481949","Pautalia","252","\N","place","Illyrikon","Dakia Mesogeios","20","654,4","BA 49 E1"
"23.264178000000001","42.289175","481844","Germai","253","\N","place","Illyrikon","Dakia Mesogeios","20","654,5","BA 49 F1 Germania"
"21.893884","43.316294999999997","207303","Naissos","254","\N","place","Illyrikon","Dakia Mesogeios","20","654,6","BA 21 D6"
"22.293498","43.214499000000004","207382","Remesiana","255","\N","place","Illyrikon","Dakia Mesogeios","20","654,7","BA 21 E6"
"22.904855999999999","43.817397","207376","Ratiaria","257","\N","place","Illyrikon","Parapotamia Dakia","20","655,2","BA 21 E6"
"22.875900000000001","43.993220999999998","206975","Bononia","258","\N","place","Illyrikon","Parapotamia Dakia","20","655,3","BA 21 E5"
"22.539010023700001","44.184826665999999","0","Akyes","259","\N","place","Illyrikon","Parapotamia Dakia","20","655,4","BA 49 E1 Aquae?"
"22.523756500000001","43.890553500000003","207017","Kastra Martis","260","\N","place","Illyrikon","Parapotamia Dakia","20","655,5","BA 21 E6"
"24.465475999999999","43.710514000000003","216907","Oiskos","261","\N","place","Illyrikon","Parapotamia Dakia","20","655,6","BA 22 B5"
"21.391437","42.016885000000002","481987","Skoupoi","263","\N","place","Illyrikon","Dardania","20","655,8","BA 49 D1"
"21.167964999999999","42.623440500000001","482027","Oulpiana","265","\N","place","Illyrikon","Dardania","20","656,2","BA 49 D1"
"19.520268000000002","42.067257499999997","481986","Skodra","267","\N","place","Illyrikon","Praibalis","20","656,4","BA 49 B1"
"19.643916000000001","41.782940500000002","481896","Lissos","268","\N","place","Illyrikon","Praibalis","20","656,5","BA 49 B2"
"19.3142526667","42.392870333300003","481808","Doklea?","269","\N","place","Illyrikon","Praibalis","20","656,6","BA 49 B1"
"21.216121999999999","44.736775999999999","207549","Biminakion","271","\N","place","Illyrikon","Mysia I","21","657,2","BA 21 D5 Viminacium"
"20.450299999999999","44.823599999999999","207443","Singidounon","272","\N","place","Illyrikon","Mysia I","21","657,3","BA 21 C5"
"20.649958999999999","44.733229000000001","207515","Trikornia","274","\N","place","Illyrikon","Mysia I","21","657,5","BA 21 C5"
"21.383600000000001","43.927174000000001","207173","Horreomargou","275","\N","place","Illyrikon","Mysia I","21","657,6","BA 21 D56 Horreum Margi"
"19.610105999999998","44.966447000000002","207447","Sirmion","277","\N","place","Illyrikon","Pannonia","21","657,8","BA 21 B5"
"19.977001000000001","44.969658500000001","206960","Bassiana","278","\N","place","Illyrikon","Pannonia","21","657,9","BA 21 B5"
"27.34551256","37.942183419999999","599612","Ephesos","281","\N","place","Asiane","Asia","21","659,1","BA 61 E2"
"27.276395999999998","37.801915000000001","599490","Anaia","282","\N","place","Asiane","Asia","21","659,2","BA 61 E2"
"27.298099499999999","37.659936100000003","599905","Priene","283","\N","place","Asiane","Asia","21","659,3","BA 61 E2"
"27.526039000000001","37.850548500000002","599778","Magnesia Maiandrou","284","\N","place","Asiane","Asia","21","659,4","BA 61 F2"
"27.833862","37.859752","599987","Tralleis","285","\N","place","Asiane","Asia","21","659,5","BA 61 F2"
"28.144998999999999","37.903404999999999","599832","Nysa","286","\N","place","Asiane","Asia","21","659,6","BA 61 G2"
"28.640741500000001","37.9565135","638793","Brioulla","287","\N","place","Asiane","Asia","21","659,7","BA 65 A2"
"28.3528415","37.950430500000003","599790","Mastaura","288","\N","place","Asiane","Asia","21","659,8","BA 61 G2"
"28.443642000000001","37.933422999999998","599493","Anineta","289","\N","place","Asiane","Asia","21","659,9","BA 61 G2"
"27.962914000000001","38.248458999999997","550585","Hypaipa","290","\N","place","Asiane","Asia","21","659,10","BA 56  F5"
"28.083254","38.227646","550515","Dios Hieron","292","\N","place","Asiane","Asia","21","659,12","BA 56 G5"
"28.208010999999999","38.225929999999998","550659","Koloe","294","\N","place","Asiane","Asia","21","660,1a","BA 56 G5"
"28.088426999999999","38.161898999999998","550775","Nikaia","297","\N","place","Asiane","Asia","22","660,3","BA 56 G5"
"28.2170655","38.085200999999998","599846","Palaiapolis","298","\N","place","Asiane","Asia","22","660,4","BA 61 G1"
"27.197505793800001","38.003509511099999","0","Kolophon","302","\N","place","Asiane","Asia","22","660,8","BA 61 E1"
"27.324524","38.123992000000001","550741","Metropolis","303","\N","place","Asiane","Asia","22","660,9","BA 56 E5"
"26.964721999999998","38.077883","599754","Lebedos","304","\N","place","Asiane","Asia","22","660,10","BA 61 D1"
"26.785014","38.177261999999999","550913","Teos","305","\N","place","Asiane","Asia","22","660,11","BA 56 D5"
"27.138300000000001","38.419049999999999","550893","Smyrna","306","\N","place","Asiane","Asia","22","660,12","BA 56 E5"
"26.770558099999999","38.361462500000002","550650","Klazomenai","307","\N","place","Asiane","Asia","22","660,13","BA 56 D5"
"26.480833000000001","38.382778000000002","550535","Erythrai","308","\N","place","Asiane","Asia","22","660,14","BA 56 C5"
"27.487301500000001","38.541316999999999","550706","Magnesia Sipylou","309","\N","place","Asiane","Asia","22","660,15","BA 56 E4"
"27.316669999999998","38.899999999999999","550461","Aigai","310","\N","place","Asiane","Asia","22","660,16","BA 56 E4"
"27.196998000000001","38.671911999999999","550908","Temnos","311","\N","place","Asiane","Asia","22","661,1","BA 56 E4"
"26.753208000000001","38.670352999999999","550406","Phokaia","312","\N","place","Asiane","Asia","22","661,2","BA 56 D4"
"26.936283","38.759529999999998","550506","Kyme","313","\N","place","Asiane","Asia","22","661,3","BA 56 D4"
"26.9851236853","38.843710486699997","0","Myrina","314","\N","place","Asiane","Asia","22","661,4","BA 56 D4"
"27.183998500000001","39.131745500000001","550812","Pergamon","315","\N","place","Asiane","Asia","22","661,5","BA 56 E3"
"27.055256","38.941643999999997","550523","Elaia","316","\N","place","Asiane","Asia","22","661,6","BA 56 E4"
"26.937453000000001","38.928297000000001","550833","Pitane","317","\N","place","Asiane","Asia","22","661,7","BA 56 D4"
"27.100676","39.128825999999997","550931","Tiarai","318","\N","place","Asiane","Asia","22","661,8","BA 56 E3"
"26.962332","39.240504999999999","550814","Theodosioupolis","319","\N","place","Asiane","Asia","22","661,9","BA 56 D3"
"26.934550999999999","39.504027999999998","550403","Adramyttion","320","\N","place","Asiane","Asia","22","661,10","BA 56 D2"
"26.791495999999999","39.578499999999998","550433","Antandros","321","\N","place","Asiane","Asia","22","661,11","BA 56 D2"
"26.542853999999998","39.535451000000002","550544","Gargara","322","\N","place","Asiane","Asia","22","661,12","BA 56 D2"
"26.337060999999999","39.490600999999998","550463","Assos","323","\N","place","Asiane","Asia","22","661,13","BA 56 C3"
"27.874127000000001","40.389806","511218","Kyzikos","325","\N","place","Asiane","Hellespontos","23","661,15","BA 52 B4"
"27.555679999999999","40.591686000000003","511378","Prokonnesos","326","\N","place","Asiane","Hellespontos","23","662,1","BA 52 B3 (The next line 662,2 is blank)"
"27.655360999999999","40.102176999999998","511178","Baris","327","\N","place","Asiane","Hellespontos","23","662,3","BA 52 B4"
"27.069095999999998","40.420499","511354","Parion","328","\N","place","Asiane","Hellespontos","23","662,4","BA 52 A4"
"26.699162000000001","40.346685000000001","501570","Lampsakos","329","\N","place","Asiane","Hellespontos","23","662,5","BA 51 H4"
"26.409130999999999","40.1951155","501325","Abydos","330","\N","place","Asiane","Hellespontos","23","662,6","BA 51 G4"
"26.374420000000001","40.079726999999998","501393","Dardanos","331","\N","place","Asiane","Hellespontos","23","662,7","BA 51 G4"
"26.238889","39.957500000000003","550595","Ilion","332","\N","place","Asiane","Hellespontos","23","662,8","BA 56 C2"
"26.25","39.75","550930","Troas","333","\N","place","Asiane","Hellespontos","23","662,9","BA 56 C2"
"26.361243000000002","39.800254000000002","550889","Skamandros","334","\N","place","Asiane","Hellespontos","23","662,10","BA 56 C2"
"27.892299000000001","40.078969999999998","511368","Poimanenos","336","\N","place","Asiane","Hellespontos","23","662,12","BA 52 B4"
"28.316486000000001","40.083458","511318","Miletoupolis","341","\N","place","Asiane","Hellespontos","23","663,1","BA 52 C4"
"27.690683","39.368720000000003","550577","Germe","342","\N","place","Asiane","Hellespontos","23","663,2","BA 56 F3 (Hiera) Germe"
"26.6123918714","39.893504094699999","0","Kerge","344","\N","place","Asiane","Hellespontos","24","663,4","BA 56 D2 Gergis"
"27.910653","39.606720000000003","550560","Adrianoutherai","346","\N","place","Asiane","Hellespontos","24","663,6-7","BA 56 F2"
"27.579567999999998","39.626196","550832","Pionia","347","\N","place","Asiane","Hellespontos","24","663,8","BA 56 F2"
"27.409336","39.843502999999998","550450","Argiza","349","\N","place","Asiane","Hellespontos","24","663,10","BA 56 E2"
"26.096572992399999","39.545322269800003","0","Hamaxitos Troados?","350","\N","place","Asiane","Hellespontos","24","663,11","BA 56 C2"
"27.5839564274","39.7445957204","0","Ergasteria","352","\N","place","Asiane","Hellespontos","24","663,13","BA 56 F2"
"26.688002999999998","39.825539999999997","550890","Skepsis","356","\N","place","Asiane","Hellespontos","24","664,5","BA 56 D2"
"29.107818333299999","37.836017666700002","638955","Laodikeia","358","\N","place","Asiane","Phrygia Pakatiane","24","665,1","BA 65 B2"
"29.131799000000001","37.917505333299999","638860","Hierapolis","359","\N","place","Asiane","Phrygia Pakatiane","24","665,2","BA 65 B2"
"29.298552000000001","38.095585999999997","609476","Mossyna","360","\N","place","Asiane","Phrygia Pakatiane","24","665,3","BA 62 B5"
"28.81089025","37.8402405","638779","Attouda","361","\N","place","Asiane","Phrygia Pakatiane","24","665,4","BA 65 A2"
"28.92988325","37.855956999999997","639149","Trapezoupolis","362","\N","place","Asiane","Phrygia Pakatiane","24","665,5","BA 65 A2"
"29.25092875","37.791996750000003","638811","Kolossai","363","\N","place","Asiane","Phrygia Pakatiane","24","666,1","BA 65 B2"
"29.71952422","37.540234800599997","0","Keretapa","364","\N","place","Asiane","Phrygia Pakatiane","24","666,2","BA 65 C2"
"29.803885000000001","37.8857483333","638743","Sanaos","367","\N","place","Asiane","Phrygia Pakatiane","24","666,5","BA 65 C2"
"29.447772666700001","38.029037666699999","638964","Lounda","371","\N","place","Asiane","Phrygia Pakatiane","25","667,2","BA 65 B1"
"29.842960903400002","38.446178700399997","0","Eumeneia","373","f","place","Asiane","Phrygia Pakatiane","25","667,4","BA 62 C5"
"29.655698999999998","38.496088999999998","609521","Sebaste","377","\N","place","Asiane","Phrygia Pakatiane","25","667,8","BA 62 C5"
"29.773953966699999","38.6596983333","609293","Akmonia","379","\N","place","Asiane","Phrygia Pakatiane","25","667,10","BA 62 C4"
"29.88814","38.663801499999998","609362","Diokleia","382","\N","place","Asiane","Phrygia Pakatiane","25","668,3","BA 62 C4"
"30.190844500000001","38.74297","609433","Kidyessos","384","\N","place","Asiane","Phrygia Pakatiane","25","668,5","BA 62 D4"
"29.983449700000001","39.024595400000003","609314","Appia","385","\N","place","Asiane","Phrygia Pakatiane","25","668,6","BA 62 C3"
"29.609445000000001","39.201250999999999","609292","Aizanoi","387","\N","place","Asiane","Phrygia Pakatiane","25","668,8","BA 62 C3"
"29.324075198999999","39.379815218099999","0","Tiberioupolis","388","\N","place","Asiane","Phrygia Pakatiane","25","668,9","BA 62 B3"
"29.413200271400001","39.046253636899998","0","Kadoi","389","\N","place","Asiane","Phrygia Pakatiane","25","668,10","BA 62 B3"
"28.8637663624","39.161948406","0","Ankyra","391","\N","place","Asiane","Phrygia Pakatiane","25","668,12","BA 62 A3"
"28.9784543333","39.092201666699999","609537","Synaos","392","\N","place","Asiane","Phrygia Pakatiane","25","668,13","BA 62 A3"
"29.410452500000002","38.679457499999998","609549","Temenou Thyrai","393","\N","place","Asiane","Phrygia Pakatiane","25","668,14","BA 62 B4"
"29.589384424999999","38.689322375000003","609559","Traianoupolis","394","\N","place","Asiane","Phrygia Pakatiane","25","668,15","BA 62 C4"
"28.040285999999998","38.488314000000003","550867","Sardeis","397","\N","place","Asiane","Lydia","25","669,2","BA 56 G5"
"28.505668915099999","38.350781153900002","0","Philadelpheia","398","\N","place","Asiane","Lydia","25","669,3","BA 56 H5"
"28.9508440185","38.047320077199998","0","Tripolis","399","\N","place","Asiane","Lydia","25","669,4","BA 65 A1"
"27.840523000000001","38.922933","550924","Thyateira","400","\N","place","Asiane","Lydia","26","669,5","BA 56 F4"
"28.5928501444","38.754214318599999","0","Settai","401","\N","place","Asiane","Lydia","26","669,6","BA 62 A4 Saittai"
"28.464549606999999","38.5792525508","0","Maionia","402","\N","place","Asiane","Lydia","26","670,1","BA 56 G4"
"27.864830255099999","38.504604893299998","0","Aurelioupolis","405","\N","place","Asiane","Lydia","26","670,4","BA 56 F4"
"27.897071951699999","39.084069083400003","0","Attaleia","406","\N","place","Asiane","Lydia","26","670,5","BA 56 F3"
"27.614992999999998","38.921548000000001","550574","Hermokapelia","407","\N","place","Asiane","Lydia","26","670,6","BA 56 F4"
"28.803373000000001","38.612167999999997","609540","Tabala","410","\N","place","Asiane","Lydia","26","670,9","BA 62 A4"
"29.16084635","38.657532699999997","609336","Bageis","411","\N","place","Asiane","Lydia","26","671,1","BA 62 B4"
"27.669965253899999","38.924316717099998","0","Apollonis","414","\N","place","Asiane","Lydia","26","671,4","BA 56 F4"
"27.787742000000001","38.756891000000003","550578","Hierokaisareia","415","\N","place","Asiane","Lydia","26","671,5","BA 56 F4"
"27.529467995899999","38.497262953099998","0","Mostene","416","\N","place","Asiane","Lydia","26","671,6","BA 56 F5"
"28.267472000000001","38.5792","550869","Satala","417","\N","place","Asiane","Lydia","26","671,7","BA 56 G4"
"28.285636639100002","38.917033863999997","0","Gordos","418","\N","place","Asiane","Lydia","26","671,8","BA 56 G4 Iulia Gordos"
"31.189167000000001","38.306111000000001","609307","Antiocheia","420","\N","place","Asiane","Pisidia","26","672,2","BA 62 F5"
"31.452318999999999","37.995923333299999","639008","Neapolis","421","\N","place","Asiane","Pisidia","26","672,3","BA 65 F2"
"31.925499500000001","37.900315999999997","639038","Pappa","425","\N","place","Asiane","Pisidia","26","672,7","BA 65 G2"
"32.374023999999999","38.192186","619197","Laodikeia Kekaumene","427","\N","place","Asiane","Pisidia","26","672,9","BA 63 A4"
"31.904302999999999","38.282553","609564","Tyraion","428","\N","place","Asiane","Pisidia","26","672,10","BA 62 G5"
"31.635101367699999","38.235769165000001","0","Adrianoupolis","429","\N","place","Asiane","Pisidia","27","672,11","BA 62 G5"
"31.429822000000001","38.356715999999999","609501","Philomelion","430","\N","place","Asiane","Pisidia","27","672,12","BA 62 F5"
"30.46696","38.074014333299999","638758","Sozopolis","431","\N","place","Asiane","Pisidia","27","673,1","BA 65 D1"
"30.587062139","38.107938732699999","0","Tymandos","432","\N","place","Asiane","Pisidia","27","673,2","BA 62 E5"
"30.514143526400002","38.251796979300003","0","Metropolis","433","\N","place","Asiane","Pisidia","27","673,3","BA 62 E5"
"30.173857000000002","38.073196000000003","638751","Apameia","434","\N","place","Asiane","Pisidia","27","673,4","BA 65 D1"
"30.519444","37.678055999999998","639087","Sagalassos","436","\N","place","Asiane","Pisidia","27","673,6","BA 65 E2"
"30.3299813681","37.872381388400001","0","Baris","437","\N","place","Asiane","Pisidia","27","673,7","BA 65 D2"
"30.623639749999999","37.896365500000002","639098","Seleukeia He Sidera","438","\N","place","Asiane","Pisidia","27","673,8","BA 65 E2"
"31.063683666700001","37.803508333300002","639144","Timbriada","439","\N","place","Asiane","Pisidia","27","673,9","BA 65 F2      The next line 674, 1 is blank"
"30.514934333300001","37.955736666699998","638813","Ioustinianoupolis","440","\N","place","Asiane","Pisidia","27","674,2","BA 65 E2"
"30.97830025","37.816881500000001","638983","Malos","441","\N","place","Asiane","Pisidia","27","674,3","BA 65 F2"
"30.986348249999999","37.581776249999997","638733","Adada","442","\N","place","Asiane","Pisidia","27","674,4","BA 65 E2"
"31.402724500000001","37.702507500000003","639146","Tityassos","444","\N","place","Asiane","Pisidia","27","674,6","BA 65 F2"
"32.512855798399997","37.865181018599998","0","Ikonion","446","\N","place","Asiane","Lykaonia","27","675,1","BA 66 B1"
"32.347667666699998","37.583260000000003","648699","Lystra","447","\N","place","Asiane","Lykaonia","27","675,2","BA 66 A1"
"31.728452333300002","37.680770333300003","638997","Mistheia","448","\N","place","Asiane","Lykaonia","27","675,3","BA 65 G2"
"31.738856333299999","37.520851999999998","638741","Amblada","449","\N","place","Asiane","Lykaonia","27","675,4","BA 65 G2"
"31.923836333299999","37.498191666700002","639028","Ouasada","450","\N","place","Asiane","Lykaonia","27","675,5","BA 65 G2"
"33.048178012500003","37.201796213100003","0","Ilistra","452","\N","place","Asiane","Lykaonia","27","675,7","BA 66 C2"
"33.221586000000002","37.178450666700002","648693","Laranda","453","\N","place","Asiane","Lykaonia","27","675,8","BA 66 C2"
"33.392158844100003","37.347695838999996","0","Derbe","454","\N","place","Asiane","Lykaonia","27","675,9","BA 66 C2"
"33.085583139500002","37.512074953999999","0","Barata","455","\N","place","Asiane","Lykaonia","27","675,10","BA 66 C1"
"33.517463999999997","37.440842000000004","648644","Hyde","456","\N","place","Asiane","Lykaonia","27","675,11","BA 66 D2"
"32.253985312600001","37.183992887599999","0","Isauropolis","457","\N","place","Asiane","Lykaonia","27","675,12","BA 66 A2 Isaura Vetus"
"32.497933603500002","37.511882614199997","0","Korna","458","\N","place","Asiane","Lykaonia","27","676,1","BA 66 A1"
"33.1114243333","37.975147333300001","648780","Sabatra","459","\N","place","Asiane","Lykaonia","27","676,2","BA 66 C1 Soatra"
"33.076656999999997","38.167718999999998","619237","Perta","460","\N","place","Asiane","Lykaonia","27","676,3","BA 63 C4"
"33.197507999999999","37.899115999999999","648662","Kana","461","\N","place","Asiane","Lykaonia","28","676,4","BA 66 C1"
"32.335712794300001","38.328574411300004","0","Gdanmaa","462","f","place","Asiane","Lykaonia","28","676,5","TIB Galatien 166"
"30.107997366700001","38.483753866699999","609378","Eukarpia","465","\N","place","Asiane","Phrygia Saloutaria","28","676,8","BA 62 D5"
"30.213784237300001","38.4758619877","0","Hierapolis","466","\N","place","Asiane","Phrygia Saloutaria","28","676,9","BA 62 D5"
"29.958841","38.451497000000003","609489","Otrous","467","\N","place","Asiane","Phrygia Saloutaria","28","676,10","BA 62 C5"
"30.148648999999999","38.332361499999998","609535","Stektorion","468","\N","place","Asiane","Phrygia Saloutaria","28","677,1","BA 62 D5"
"30.174478633300001","38.529961333300001","609345","Brouzos","469","\N","place","Asiane","Phrygia Saloutaria","28","677,2","BA 62 D4"
"29.666666666699999","38.3386871206","0","Kleros Politikes","471","\N","place","Asiane","Phrygia Saloutaria","28","677,4","BA 62 C4"
"30.548095","38.534617766700002","609538","Synnada","474","\N","place","Asiane","Phrygia Saloutaria","28","677,7","BA 62 E4"
"30.569394800000001","38.697828649999998","609511","Prymnessos","475","\N","place","Asiane","Phrygia Saloutaria","28","677,8","BA 62 E4"
"30.549206000000002","38.856192999999998","609415","Ipsos","476","\N","place","Asiane","Phrygia Saloutaria","28","677,9","BA 62 E4"
"31.012988181200001","38.688802927399998","0","Polybotos","477","\N","place","Asiane","Phrygia Saloutaria","28","677,10","BA 62 F4"
"30.7524503667","38.862767300000002","609366","Dokimion","478","\N","place","Asiane","Phrygia Saloutaria","28","677,11","BA 62 E4"
"30.641044002400001","39.2137159866","0","Metropolis","479","\N","place","Asiane","Phrygia Saloutaria","28","677,12","BA 62 E3"
"30.376179","39.205188499999998","609460","Meiros","480","\N","place","Asiane","Phrygia Saloutaria","28","677,13","BA 62 D3"
"30.694722200000001","39.444722200000001","609484","Nakoleia","481","\N","place","Asiane","Phrygia Saloutaria","28","678,1","BA 62 E3"
"30.5273866048","39.814103777900002","0","Dorylaion","482","\N","place","Asiane","Phrygia Saloutaria","29","678,2","BA 62 E2"
"30.8602770906","39.799519527100003","0","Midaion","483","\N","place","Asiane","Phrygia Saloutaria","29","678,3","BA 62 E2"
"30.854274","36.961405999999997","639048","Perge","489","\N","place","Asiane","Pamphylia","29","679,2","BA 65 E4"
"30.98638","36.990721000000001","639109","Sillyon","490","\N","place","Asiane","Pamphylia","29","679,3","BA 65 E4"
"30.793576666700002","36.853706666699999","638980","Magydos","491","\N","place","Asiane","Pamphylia","29","679,4","BA 65 E4"
"30.699967999999998","36.890309500000001","638778","Attaleia","492","\N","place","Asiane","Pamphylia","29","679,5","BA 65 E4"
"30.461844666699999","36.876066000000002","639151","Trebenna","494","\N","place","Asiane","Pamphylia","29","679,7","BA 65 D4"
"30.332619494999999","36.666666666700003","0","Iobia","496","f","place","Asiane","Pamphylia","29","680,1","BA TIB Lykien 570, 744"
"30.467196999999999","36.982996","639139","Termessos","497","\N","place","Asiane","Pamphylia","29","680,2a","BA 65 D4"
"30.581722777","36.986454483300001","0","Eudokias","498","\N","place","Asiane","Pamphylia","29","680,2b","BA 65 E4"
"30.2559683333","37.298084666699999","639066","Demos Pogla","500","\N","place","Asiane","Pamphylia","29","680,4","BA 65 D3 Pogla"
"30.161899999999999","37.067500000000003","638872","Isinda","501","\N","place","Asiane","Pamphylia","29","680,5","BA 65 D3"
"30.241394562499998","37.225083500499998","0","Berbe","502","\N","place","Asiane","Pamphylia","29","680,6","BA 65 D3 *Ouerbe; TIB Lykien 483"
"30.2956760167","37.2195809969","0","Sibidounda","503","\N","place","Asiane","Pamphylia","29","680,7","BA 65 D3"
"30.005519333300001","37.303874999999998","639015","Olbasa","506","\N","place","Asiane","Pamphylia","29","680,10","BA 65 C3"
"30.000713838300001","37.333333333299997","0","Palaipolis","507","f","place","Asiane","Pamphylia","29","680,11","TIB Lykien 772"
"30.0872566667","37.715825000000002","638973","Lysinia","508","\N","place","Asiane","Pamphylia","29","680,12","BA 65 D2"
"30.340669263799999","37.3216276267","0","Komama","509","\N","place","Asiane","Pamphylia","30","680,13","BA 65 D3"
"30.454939966200001","37.457209628900003","0","Kolbasa","510","\N","place","Asiane","Pamphylia","30","681,1","BA 65 D3"
"30.7119620285","37.501436893600001","0","Kremna","511","\N","place","Asiane","Pamphylia","30","681,2","BA 65 E2"
"30.508126786799998","37.284718237699998","0","Panemou Teichos","512","\N","place","Asiane","Pamphylia","30","681,3","BA 65 E3"
"30.477947","37.167473999999999","638761","Ariassos","513","\N","place","Asiane","Pamphylia","30","681,4","BA 65 D3"
"30.331191818400001","37","0","Maximianoupolis","514","f","place","Asiane","Pamphylia","30","681,5","TIB Lykien 719"
"30.364662390500001","37.439595371599999","0","Kodroula","518","\N","place","Asiane","Pamphylia","30","681,9","BA 65 D3"
"30.934141","37.214236999999997","639046","Pednelissos?","521","\N","place","Asiane","Pamphylia","30","681,12","BA 65 E3"
"31.127222","37.229444000000001","639100","Selge","522","\N","place","Asiane","Pamphylia","30","681,13","BA 65 F3"
"31.171506999999998","36.939295233300001","638776","Primoupolis","523","\N","place","Asiane","Pamphylia","30","682,1","BA 65 F4"
"31.390552","36.768137000000003","639105","Side","524","\N","place","Asiane","Pamphylia","30","682,2","BA 65 F4"
"31.666815382999999","36.666666666700003","0","Senna","525","f","place","Asiane","Pamphylia","30","682,3","BA 65 G4 Sennea?; TIB Lykien 839 Sennea"
"31.467109918599999","36.853006921099997","0","Lyrbe","526","\N","place","Asiane","Pamphylia","30","682,4","BA 65 F4"
"31.961096666700001","36.847294333299999","638904","Kasai","527","\N","place","Asiane","Pamphylia","30","682,5","BA 65 G4"
"31.648396000000002","37.024146000000002","638940","Kotena","528","\N","place","Asiane","Pamphylia","30","682,6","BA 65 G3"
"31.584396000000002","37.074430999999997","638831","Orymna","529","\N","place","Asiane","Pamphylia","30","682,7","BA 65 G3 Erymna"
"31.992598184599998","36.549278377299999","0","Korakesion","530","\N","place","Asiane","Pamphylia","30","682,8","BA 65 G4"
"32.192120177500001","36.399957942999997","0","Syedra","531","\N","place","Asiane","Pamphylia","30","682,9","BA 66 A4"
"31.9174907198","36.680041323700003","0","Karaleia","532","\N","place","Asiane","Pamphylia","30","682,10","BA 65 G4"
"31.978880813699998","36.732865357999998","0","Kolybrassos","533","\N","place","Asiane","Pamphylia","30","682,11","BA 65 G4"
"30.548711749999999","36.52177975","639051","Phaselis","535","\N","place","Asiane","Lykia","31","683,1","BA 65 E4"
"30.471532","36.387901540000001","639017","Olympos","536","\N","place","Asiane","Lykia","31","683,2","BA 65 D5"
"30.346297750000002","36.291463","638842","Gagai","537","\N","place","Asiane","Lykia","31","683,3","BA 65 D5"
"30.273840499999999","36.371287000000002","638937","Korydalla","538","\N","place","Asiane","Lykia","31","683,3a","BA 65 D5"
"30.223525624699999","36.530215341400002","0","Akalessos","539","\N","place","Asiane","Lykia","31","683,4","BA 65 D4"
"30.202995000000001","36.554976000000003","638865","Edebessos","540","\N","place","Asiane","Lykia","31","683,5","BA 65 D4 Idebessos"
"30.173168199999999","36.344057200000002","638961","Limyra","541","\N","place","Asiane","Lykia","31","683,6","BA 65 D5"
"30.038663480099999","36.514360284399999","0","Arykanda","542","\N","place","Asiane","Lykia","31","683,7","BA 65 D4"
"30.040105966399999","36.676639227599999","0","Podaleia","543","\N","place","Asiane","Lykia","31","683,8","BA 65 D4"
"29.826430368","36.633808929499999","0","Choma","544","\N","place","Asiane","Lykia","31","683,9","BA 65 C4"
"29.9954746869","36.243378655999997","0","Myra","546","\N","place","Asiane","Lykia","31","684,2","BA 65 C5"
"29.8480620333","36.398644678899998","0","Arneai","547","\N","place","Asiane","Lykia","31","684,3","BA 65 C5"
"29.822491500000002","36.244672999999999","638948","Kyaneai","548","\N","place","Asiane","Lykia","31","684,4","BA 65 C5"
"29.783611000000001","36.158611000000001","638752","Aperlai","549","\N","place","Asiane","Lykia","31","684,5","BA 65 C5"
"29.671340753399999","36.237092591699998","0","Phellos","550","\N","place","Asiane","Lykia","31","684,6","BA 65 C5"
"29.634934999999999","36.199973","638749","Antiphellos","551","\N","place","Asiane","Lykia","31","684,7","BA 65 C5"
"29.6886203874","36.304079570200003","0","Kandyba","552","\N","place","Asiane","Lykia","31","684,8","BA 65 C5"
"29.324000346199998","36.263458608299999","0","Patara","554","\N","place","Asiane","Lykia","31","684,10","BA 65 B5"
"29.333438328700002","36.361202585999997","0","Xanthos","555","\N","place","Asiane","Lykia","31","684,11","BA 65 B5"
"29.645149812900002","36.510394098900001","0","Komba","556","\N","place","Asiane","Lykia","31","684,12","BA 65 C4"
"29.633049","36.439230999999999","639010","Neisa","557","\N","place","Asiane","Lykia","31","684,13","BA 65 C5"
"29.249976499999999","36.49502975","639058","Pinara","558","\N","place","Asiane","Lykia","31","684,14","BA 65 B5"
"29.1978185","36.409727500000002","639108","Sidyma","559","\N","place","Asiane","Lykia","31","684,15","BA 65 B5"
"29.422153000000002","36.552470999999997","639147","Tlos","560","\N","place","Asiane","Lykia","31","684,16","BA 65 B4"
"29.122428227","36.6199472156","0","Telmessos","561","\N","place","Asiane","Lykia","31","684,17","BA 65 B4"
"28.621535999999999","36.825909000000003","638796","Kaunos","562","\N","place","Asiane","Lykia","31","685,1","BA 65 A4"
"29.3964548555","36.7559566284","0","Araxa","563","\N","place","Asiane","Lykia","31","685,2","BA 65 B4"
"29.415216666700001","36.974003333299997","638792","Boubon","564","\N","place","Asiane","Lykia","31","685,3","BA 65 B4"
"29.549676999999999","36.809337999999997","639013","Oinoanda","565","\N","place","Asiane","Lykia","31","685,4","BA 65 C4"
"29.630526166799999","36.970624191500001","0","Balboura","566","\N","place","Asiane","Lykia","31","685,5","BA 65 C4"
"29.808293162799998","36.327509665500003","0","Kome Mastaura","567","f","place","Asiane","Lykia","32","685,6","TIB Lykien 716"
"28.233910931800001","36.443659136199997","0","Rodos","569","\N","place","Asiane","Nesoi","32","686,1","BA 60 G3"
"27.285575094199999","36.892747397400001","0","Kos","570","\N","place","Asiane","Nesoi","32","686,2","BA 61 E4"
"26.944483000000002","37.688249999999996","599925","Samos","571","\N","place","Asiane","Nesoi","32","686,3","BA 61 D2"
"26.134233500000001","38.37641","550496","Chios","572","\N","place","Asiane","Nesoi","32","686,4","BA 56 C5"
"26.547048","39.110475000000001","550763","Mytilene","573","\N","place","Asiane","Nesoi","32","686,5","BA 56 D3"
"26.176891000000001","39.369166999999997","550738","Methymna","574","\N","place","Asiane","Nesoi","32","686,6","BA 56 C3"
"26.067761575199999","39.830868435799999","0","Tenedos","576","\N","place","Asiane","Nesoi","32","686,8","BA 56 C2"
"26.655042294699999","39.342097402","0","Poroselene","577","\N","place","Asiane","Nesoi","32","686,9","BA 56 D3"
"24.822188096800001","37.823540259700003","0","Andros","578","\N","place","Asiane","Nesoi","32","686,10","BA 60 A4"
"25.1617","37.537999999999997","590073","Tenos","579","\N","place","Asiane","Nesoi","32","686,11","BA 60 B4"
"25.373918890700001","37.109237347099999","0","Naxos","580","\N","place","Asiane","Nesoi","32","686,12","BA 61 A3"
"25.152656024100001","37.084228220500002","0","Paros
Paros","581","\N","place","Asiane","Nesoi","32","686,13","BA 61 A3"
"24.740810981599999","36.973801401000003","0","Siphnos","582","\N","place","Asiane","Nesoi","32","687,1","BA 60 C5"
"24.4318141754","36.737068825500003","0","Melos","583","\N","place","Asiane","Nesoi","32","687,2","BA 58 G4"
"25.2806868893","36.725082290700001","0","Ios","584","\N","place","Asiane","Nesoi","32","687,3","BA 61 A4"
"25.479173594799999","36.362888667999997","0","Thera","585","\N","place","Asiane","Nesoi","32","687,4","BA 61 A5"
"25.891018017099999","36.836314235899998","0","Amorgos","586","\N","place","Asiane","Nesoi","32","687,5","BA 61 B4"
"26.351420000000001","36.547365999999997","599535","Astypalaia","587","\N","place","Asiane","Nesoi","32","687,6","BA 61 C4"
"27.277705579999999","37.521575859999999","599799","Miletos","589","\N","place","Asiane","Karia","32","687,8","BA 61 E2"
"27.525010999999999","37.501842000000003","599640","Herakleia Latmou","590","\N","place","Asiane","Karia","32","687,9","BA 61 F2"
"27.423765","37.038220500000001","599636","Halikarnassos","591","\N","place","Asiane","Karia","32","687,10","BA 61 E3"
"27.2309863252","37.056842607199997","0","Myndos","592","\N","place","Asiane","Karia","32","687,11","BA 61 E3"
"27.374040000000001","36.686188000000001","599575","Knidos","593","\N","place","Asiane","Karia","32","687,12","BA 61 E4"
"27.956217500000001","37.041727999999999","599707","Keramos","594","\N","place","Asiane","Karia","33","687,13","BA 61 F3"
"27.7817082991","37.319139466000003","0","Mylasa","595","\N","place","Asiane","Karia","33","687,14","BA 61 F3"
"28.064499999999999","37.313589999999998","599947","Stratonikeia","596","\N","place","Asiane","Karia","33","688,1","BA 61 G3"
"27.690895999999999","37.598880000000001","599489","Amyzon","597","\N","place","Asiane","Karia","33","688,2","BA 61 F2"
"27.833013999999999","37.558863500000001","599480","Alinda","598","\N","place","Asiane","Karia","33","688,3","BA 61 F2"
"27.953305112500001","37.604847297600003","0","Alabanda","599","\N","place","Asiane","Karia","33","688,4","BA 61 F2"
"28.240451","37.826054499999998","599839","Orthosia","600","\N","place","Asiane","Karia","33","688,5","BA 61 G2"
"28.356151000000001","37.800690000000003","599637","Harpasa","601","\N","place","Asiane","Karia","33","688,6","BA 61 G2"
"28.397698999999999","37.690156999999999","599823","Neapolis","602","\N","place","Asiane","Karia","33","688,7","BA 61 G2"
"28.343405847100001","37.507313191000001","0","Hyllarima","603","\N","place","Asiane","Karia","33","688,8","BA 61 G2"
"28.548283999999999","37.873542","638748","Antiocheia","604","\N","place","Asiane","Karia","33","688,9","BA 65 A2"
"28.723607630699998","37.708590713299998","638753","Aphrodisias","605","\N","place","Asiane","Karia","33","688,10","BA 65 A2"
"28.9940985","37.628188999999999","638857","Herakleia Salbakes","606","\N","place","Asiane","Karia","33","688,11","BA 65 A2"
"28.850351499999999","37.439964000000003","639125","Tabai","607","\N","place","Asiane","Karia","33","689,1","BA 65 A3"
"29.031582","37.510905000000001","638757","Apollonias","608","\N","place","Asiane","Karia","33","689,2","BA 65 B2 Apollonia Salbakes"
"29.165224500000001","37.499846499999997","639096","Sebastopolis","609","\N","place","Asiane","Karia","33","689,3","BA 65 B3"
"27.584578","37.279525","599664","Iasos","610","\N","place","Asiane","Karia","33","689,4","BA 61 F3"
"27.6441950422","37.004514962999998","0","Anastasioupolis","613","\N","place","Asiane","Karia","33","689,7","Hild, Meilensteine 29"
"29.499922000000002","37.162505000000003","638804","Kibyra","615","\N","place","Asiane","Karia","33","690,1","BA 65 B3"
"29.025789","40.983393","520988","Chalkedon","619","\N","place","Pontike","Bithynia","33","690,4","BA 52 E3"
"29.502087","40.721716999999998","511240","Helenopolis","620","\N","place","Pontike","Bithynia","33","691,1","BA 52 F3"
"29.618865","40.689760999999997","511372","Prainetos","621","\N","place","Pontike","Bithynia","33","691,2","BA 52 F3"
"29.919886999999999","40.765190500000003","511337","Nikomedeia","622","\N","place","Pontike","Bithynia","33","691,3","BA 52 F3"
"29.715443","40.426679","511268","Nikaia","623","\N","place","Pontike","Bithynia","33","692,1","BA 52 F4"
"29.558620999999999","40.607148000000002","511180","Basilinopolis","624","\N","place","Pontike","Bithynia","33","692,2","BA 52 F3"
"29.156389999999998","40.432468999999998","511385","Kios","625","\N","place","Pontike","Bithynia","33","692,3","BA 52 E4"
"28.882742749999998","40.375572750000003","511194","Apameia","626","\N","place","Pontike","Bithynia","33","692,4","BA 52 D4"
"29.0638185","40.1828985","511384","Prousa","627","\N","place","Pontike","Bithynia","34","692,5","BA 52 E4"
"28.905099199999999","40.177254949999998","511267","Kaisareia","628","\N","place","Pontike","Bithynia","34","693,1","BA 52 D4"
"28.682671750000001","40.172393499999998","511151","Apollonia","629","\N","place","Pontike","Bithynia","34","693,2","BA 52 D4"
"28.674195999999998","40.377645000000001","511226","Daskylion","630","\N","place","Pontike","Bithynia","34","693,3","BA 52 D4"
"28.998850999999998","39.906134999999999","609396","Adrianoi","632","\N","place","Pontike","Bithynia","34","693,5","BA 62 A2"
"31.585856499999998","40.756192499999997","844879","Klaudioupolis","636","\N","place","Pontike","Honorias","34","694,4","BA 86 B3"
"31.148171000000001","40.905988000000001","845049","Prousias","637","\N","place","Pontike","Honorias","34","694,5","BA 86 B3"
"31.414722000000001","41.284722000000002","844944","Herakleia","638","\N","place","Pontike","Honorias","34","694,6","BA 86 B2"
"32.055365999999999","41.558273","845084","Tios","639","\N","place","Pontike","Honorias","34","695,1","BA 86 C2"
"32.164918499999999","40.812102000000003","844991","Krateia","640","\N","place","Pontike","Honorias","34","695,2","BA 86 C3"
"32.456084500000003","40.933219000000001","844959","Adrianoupolis","641","\N","place","Pontike","Honorias","34","695,3","BA 86 C3"
"33.613421299999999","40.601342799999998","844926","Gangra","643","\N","place","Pontike","Paphlagonia","34","695,5","BA 86 D3"
"34.190154","41.514876999999998","845041","Pompeioupolis","644","\N","place","Pontike","Paphlagonia","34","695,6","BA 86 E2"
"32.622399999999999","41.139609","845067","Sora","645","\N","place","Pontike","Paphlagonia","34","695,7","BA 86 C2"
"32.385648000000003","41.746969","844856","Amastris","646","\N","place","Pontike","Paphlagonia","34","696,1","BA 86 C2"
"33.766047499999999","41.974025500000003","844847","Ionopolis","647","\N","place","Pontike","Paphlagonia","34","696,2","BA 86 D2"
"31.945444999999999","41.223087499999998","844903","Dadybra","648","\N","place","Pontike","Paphlagonia","34","696,3","BA 86 B2"
"32.858128000000001","39.944386999999999","619103","Ankyra","650","\N","place","Pontike","Galatia I","34","696,5","BA 63 B1"
"34.456374333299998","39.8789913333","619267","Tabia","651","\N","place","Pontike","Galatia I","34","696,6","BA 63 F1"
"33.307757000000002","39.302241000000002","619118","Aspona","652","\N","place","Pontike","Galatia I","34","696,7","BA 63 C2"
"33.033014000000001","39.226875999999997","619188","Kinna","653","\N","place","Pontike","Galatia I","35","696,8","BA 63 C2"
"31.671297943799999","40.087384778199997","0","Ioulioupolis","656","\N","place","Pontike","Galatia I","35","697,2","BA 86 B3"
"31.576379151899999","39.347878410500002","0","Pessinous","658","\N","place","Pontike","Galatia Saloutaria","35","697,4","BA 62 G3"
"32.508314499999997","39.475327","619216","Myrikion","659","\N","place","Pontike","Galatia Saloutaria","35","697,5","BA 63 A2"
"31.298601666700002","39.024853999999998","609302","Amorion","661","\N","place","Pontike","Galatia Saloutaria","35","697,7","BA 62 F3"
"31.834923","38.623418000000001","609435","Klaneos","662","\N","place","Pontike","Galatia Saloutaria","35","697,8","BA 62 G4"
"31.746248000000001","39.455074000000003","609377","Eudoxias","664","\N","place","Pontike","Galatia Saloutaria","35","698,2","BA 62 G3"
"31.829156859400001","39.3248870113","0","Germia","666","\N","place","Pontike","Galatia Saloutaria","35","698,4","BA 62 G3"
"35.484988999999999","38.728033000000003","629035","Kaisareia","668","\N","place","Pontike","Kappadokia I","35","698,6","BA 64 A3"
"33.951889999999999","38.932743000000002","619222","Nyssa","669","\N","place","Pontike","Kappadokia I","35","699,1","BA 63 D3"
"34.413417000000003","39.629832","619271","Therma","670","\N","place","Pontike","Kappadokia I","36","699,2","BA 63 G2 Basilika Therma"
"34.572513000000001","37.823650000000001","648801","Tyana","673","\N","place","Pontike","Kappadokia II","36","700,2","BA 66 F1"
"34.7443235","37.654291000000001","648608","Phaustinopolis","674","\N","place","Pontike","Kappadokia II","36","700,3","BA 66 F1"
"34.152792499999997","37.589731","648614","Kybistra","675","\N","place","Pontike","Kappadokia II","36","700,4","BA 66 E1"
"34.349793499999997","38.398046999999998","619218","Nanzianzos","676","\N","place","Pontike","Kappadokia II","36","700,5","BA 63 E4"
"34.629203500000003","38.229803500000003","619256","Sasima","677","\N","place","Pontike","Kappadokia II","36","700,6","BA 63 F4"
"33.570110999999997","38.991818500000001","619235","Parnassos","678","\N","place","Pontike","Kappadokia II","36","700,7","BA 63 D2"
"35.828746639999999","40.659003220000002","857018","Amaseia","682","\N","place","Pontike","Kappadokia II","37","701,3","BA 87 A4"
"36.570874000000003","40.622445999999997","857169","Ibora","683","\N","place","Pontike","Kappadokia II","37","701,4","BA 87 B4"
"35.883333299999997","40.299999999999997","857382","Zela","684","\N","place","Pontike","Kappadokia II","37","701,5","BA 87 A4"
"35.462094999999998","41.153629000000002","857028","Andrapa","686","\N","place","Pontike","Kappadokia II","37","701,7","BA 87 A3"
"36.331299999999999","41.292721","857024","Amisos","687","\N","place","Pontike","Kappadokia II","37","702,1","BA 87 B3"
"35.143037","42.025776","857321","Sinope","688","\N","place","Pontike","Kappadokia II","37","702,2","BA 87 A2"
"37.020121500000002","40.589212500000002","857177","Neokaisareia","690","\N","place","Pontike","Pontos Polemoniakos       37","37","702,4","BA 87 B4"
"36.628361099999999","40.373593800000002","857095","Komana","691","\N","place","Pontike","Pontos Polemoniakos       37","37","702,5","BA 87 B4"
"37.511510999999999","41.028520999999998","857285","Polemonion","692","\N","place","Pontike","Pontos Polemoniakos       37","37","702,6","BA 87 C3"
"38.395132446600002","40.895388135099999","0","Kerasous","693","\N","place","Pontike","Pontos Polemoniakos       37","37","702,7","BA 87 D4"
"39.728451","41.005876999999998","857359","Trapezous","694","\N","place","Pontike","Pontos Polemoniakos       37","37","702,8","BA 87 E4"
"37.017879000000001","39.747661999999998","629075","Sebasteia","696","\N","place","Pontike","Armenia I","37","703,1","BA 64 E1"
"38.143533550000001","40.1485567","857248","Nikopolis","697","\N","place","Pontike","Armenia I","37","703,2","BA 87 D4"
"38.412816999999997","40.306806000000002","857194","Koloneia","698","\N","place","Pontike","Armenia I","37","703,3","BA 87 D4"
"39.597934000000002","40.027786999999996","874684","Satala","699","\N","place","Pontike","Armenia I","37","703,4","BA 89 B1"
"36.096255853499997","39.996578466300001","0","Sebastoupolis","700","\N","place","Pontike","Armenia I","37","703,5","BA 64 C1"
"38.361151999999997","38.382216999999997","629040","Melitene","702","\N","place","Pontike","Armenia II","37","703,7","BA 64 G4"
"37.971131499999998","38.334539999999997","628929","Arka","703","\N","place","Pontike","Armenia II","37","703,8","BA 64 F4"
"36.911673","38.246012999999998","628925","Arabissos","704","\N","place","Pontike","Armenia II","37","703,9","BA 64 D4"
"36.498344500000002","38.031581000000003","629013","Koukousos","705","\N","place","Pontike","Armenia II","37","703,10","BA 64 C4"
"36.325892506599999","38.329522707499997","628959","Komana","706","\N","place","Pontike","Armenia II","37","703,11","BA 64 C4"
"36.394970333300002","38.728706000000003","628934","Ariaratheia","707","\N","place","Pontike","Armenia II","37","703,12","BA 64 C3"
"34.898228000000003","36.914955999999997","648789","Tarsos","710","\N","place","Anatolike","Kilikia I","37","704,2","BA 66 F3"
"34.542284000000002","36.744895999999997","648781","Pompeioupolis","711","\N","place","Anatolike","Kilikia I","37","704,3","BA 66 F3"
"34.176394680999998","36.502272561200002","0","Sebaste","712","\N","place","Anatolike","Kilikia I","37","704,4","BA 66 E4"
"34.154167000000001","36.465277999999998","648612","Korykos","713","\N","place","Anatolike","Kilikia I","37","704,5","BA 66 E4"
"35.338676999999997","36.986559","648548","Adana","714","\N","place","Anatolike","Kilikia I","37","704,6","BA 66 G3"
"35.3373218085","37.067204193199998","0","Augousta","715","\N","place","Anatolike","Kilikia I","37","704,7","BA 66 G2"
"35.485199999999999","36.756188000000002","648702","Mallos","716","\N","place","Anatolike","Kilikia I","37","704,8","BA 66 G3"
"34.613013878300002","36.801656344900003","0","Zephyrion","717","\N","place","Anatolike","Kilikia I","37","704,9","BA 66 F3"
"35.898344999999999","37.255637999999998","658378","Anazarbos","719","\N","place","Anatolike","Kilikia II","38","705,2","BA 67 B2"
"35.619478000000001","36.95778","658538","Mopsouestia","720","\N","place","Anatolike","Kilikia II","38","705,3","BA 67 B3"
"35.789487000000001","36.769675999999997","658368","Aigeai","721","\N","place","Anatolike","Kilikia II","38","705,4","BA 67 B3"
"36.127164732399997","36.967063382799999","0","Epiphaneia","722","\N","place","Anatolike","Kilikia II","38","705,5","BA 67 C3"
"36.166038","36.589022999999997","658371","Alexandreia","723","\N","place","Anatolike","Kilikia II","38","705,6","BA 67 C3"
"35.887675000000002","36.4195645","658585","Rossos","724","\N","place","Anatolike","Kilikia II","38","705,7","BA 67 B4 Rhosos"
"36.466967500000003","37.251367500000001","658458","Eirenopolis","725","\N","place","Anatolike","Kilikia II","38","705,8","BA 67 C2"
"36.101567500000002","37.366478499999999","658569","Phlabias","726","\N","place","Anatolike","Kilikia II","38","706,1","BA 67 C2"
"36.187345499999999","37.176408000000002","658481","Kastabala","727","\N","place","Anatolike","Kilikia II","38","706,2","BA 67 C2"
"33.902515999999999","35.184800000000003","707617","Konstanteia","729","\N","place","Anatolike","Kypros","38","706,4","BA 72 D2"
"33.246324999999999","35.029352000000003","707628","Tamassos","730","\N","place","Anatolike","Kypros","38","706,5","BA 72 C2"
"33.632745","34.920211000000002","707534","Kition","731","\N","place","Anatolike","Kypros","38","706,6","BA 72 D3"
"33.1438299","34.712173999999997","708196","Amathous","732","\N","place","Anatolike","Kypros","38","706,7","BA 72 C3"
"32.887700000000002","34.664200000000001","707549","Kourion","733","\N","place","Anatolike","Kypros","38","706,8","BA 72 B3"
"32.406593000000001","34.757212000000003","707586","Paphos","734","\N","place","Anatolike","Kypros","38","706,9","BA 72 A3 (Nea) Paphos"
"32.421841000000001","35.034889","707483","Arsinoe","735","\N","place","Anatolike","Kypros","38","706,10","BA 72 A2"
"32.811959000000002","35.139761","707624","Soloi","736","\N","place","Anatolike","Kypros","38","707,1","BA 72 B2"
"33.202109","35.350591999999999","707555","Lapethos","737","\N","place","Anatolike","Kypros","38","707,2","BA 72 C2"
"33.321416999999997","35.337333999999998","707531","Keramaia?","738","\N","place","Anatolike","Kypros","38","707,3","BA 72 C2 Keryn(e)ia.  Note also Keryneia at 707,6"
"33.490690999999998","35.245772000000002","707496","Chythroi","739","\N","place","Anatolike","Kypros","38","707,4","BA 72 C2"
"34.369934000000001","35.626206000000003","707526","Karpasia","740","\N","place","Anatolike","Kypros","38","707,5","BA 72 E1"
"33.603765000000003","35.072406000000001","707636","[Tremithous]","742","\N","place","Anatolike","Kypros","38","707,7","BA 72 D2"
"33.347296999999998","35.157167000000001","707558","[Leukousia]","743","\N","place","Anatolike","Kypros","38","707,8","BA 72 C2 Ledroi"
"33.921462499999997","36.379274000000002","648771","Seleukeia","745","\N","place","Anatolike","Isauria","38","708,2","BA 66 D4"
"33.317411666700004","36.1432726667","648596","Kelenderis","746","\N","place","Anatolike","Isauria","38","708,3","BA 66 C4"
"32.804577000000002","36.024616000000002","648557","Anemourion","747","\N","place","Anatolike","Isauria","38","708,4","BA 66 B4"
"32.810046333300001","36.099418666699997","648796","Titioupolis","748","\N","place","Anatolike","Isauria","38","709,1","BA 66 B4"
"32.450363000000003","36.240699999999997","648690","Lamos","749","\N","place","Anatolike","Isauria","38","709,2","BA 66 A4"
"32.427958245799999","36.1543290364","0","Antiocheia","750","\N","place","Anatolike","Isauria","38","709,3","BA 66 A4"
"32.420106024399999","36.212387884899996","0","Iouliosebaste","751","\N","place","Anatolike","Isauria","39","709,4","BA 66 A4"
"32.336935333299998","36.227608333299997","648665","Kestroi","752","\N","place","Anatolike","Isauria","39","709,5","BA 66 A4"
"32.294044666700003","36.260469000000001","648772","Selinous","753","\N","place","Anatolike","Isauria","39","709,6","BA 66 A4"
"32.228797359600001","36.338594496699997","0","Iotape","754","\N","place","Anatolike","Isauria","39","709,7","BA 66 A4"
"33.922252999999998","36.581345666700003","648623","Diokaisareia","755","\N","place","Anatolike","Isauria","39","709,8","BA 66 D3"
"33.956685","36.585189999999997","648725","Olba","756","\N","place","Anatolike","Isauria","39","709,9","BA 66 D3"
"33.4394033333","36.642524333300003","648723","Klaudioupolis","757","\N","place","Anatolike","Isauria","39","709,10","BA 66 C3"
"32.900461499999999","36.634693499999997","648635","Germanikoupolis","760","\N","place","Anatolike","Isauria","39","710,2","BA 66 B3"
"32.899532499999999","36.481116999999998","648627","Eirenopolis","761","\N","place","Anatolike","Isauria","39","710,3","BA 66 B4"
"33.025091500000002","36.622765999999999","648736","Philadelpheia","762","\N","place","Anatolike","Isauria","39","710,4","BA 66 C3"
"33.349677","36.759213000000003","648707","Meloe","763","\N","place","Anatolike","Isauria","39","710,5","BA 66 C3"
"33.129851000000002","36.655563999999998","648549","Adrasos","764","\N","place","Anatolike","Isauria","39","710,6","BA 66 C3"
"32.834417774800002","36.714160690299998","0","Sbide","765","\N","place","Anatolike","Isauria","39","710,7","BA 66 B3"
"32.697787499999997","36.752456500000001","648695","Lauzadeai","767","\N","place","Anatolike","Isauria","39","710,9","BA 66 B3"
"36.165317999999999","36.200662999999999","658381","Antiocheia","769","\N","place","Anatolike","Syria I","39","711,2","BA 67 C4"
"35.936000999999997","36.118079999999999","658483","Seleukeia","770","\N","place","Anatolike","Syria I","39","711,3","BA 67 B4"
"35.783469763600003","35.563788000000002","668290","Laodikeia","771","\N","place","Anatolike","Syria I","39","711,4","BA 68 A2"
"35.922327000000003","35.378062","668250","Gabala","772","\N","place","Anatolike","Syria I","39","711,5","BA 68 A3"
"35.927407000000002","35.272666999999998","668332","Paltos","773","\N","place","Anatolike","Syria I","39","711,6","BA 68 A3"
"37.156824999999998","36.199334999999998","658409","Beroia","774","\N","place","Anatolike","Syria I","39","711,7","BA 67 E4"
"37.009718999999997","36.007956","668226","Chalcis","775","\N","place","Anatolike","Syria I","39","711,8","BA 68 C2"
"36.402509000000002","35.422241","668335","Apameia","777","\N","place","Anatolike","Syria II","39","712,2","BA 68 B3"
"36.752969","35.148566500000001","668182","Epiphaneia","778","\N","place","Anatolike","Syria II","40","712,3","BA 68 C3"
"36.728493177399997","34.941473046600002","0","Arethousa","779","\N","place","Anatolike","Syria II","40","712,4","BA 68 C4"
"36.579513861899997","35.260613901799999","0","Larissa","780","\N","place","Anatolike","Syria II","40","712,5","BA 68 C3"
"36.490497084300003","34.893467246299998","0","Mariame","781","\N","place","Anatolike","Syria II","40","712,6","BA 68 B4"
"35.965173563599997","35.195595341699999","0","Balaneai","782","\N","place","Anatolike","Syria II","40","712,7","BA 68 A3"
"36.392980000000001","34.966351000000003","668350","Raphaneai","783","\N","place","Anatolike","Syria II","40","712,8","BA 68 B4"
"36.322514223399999","35.825461897799997","0","Seleukobelos","784","\N","place","Anatolike","Syria II","40","712,9","BA 68 B2; TIB Syria 1720"
"37.949630453600001","36.545774570900001","0","Hierapolis","786","\N","place","Anatolike","Euphratesia","40","712,11","BA 67 F3"
"36.914160407700003","36.783300300100002","0","Kyrros","787","\N","place","Anatolike","Euphratesia","40","713,1","BA 67 D3"
"38.516235639800001","37.531212483399997","0","Samosata","788","\N","place","Anatolike","Euphratesia","40","713,2","BA 67 H1"
"37.359985000000002","37.153671000000003","658455","Doliche","789","\N","place","Anatolike","Euphratesia","40","713,3","BA 67 E2"
"37.8733395","37.053090500000003","658636","Zeugma","790","\N","place","Anatolike","Euphratesia","40","713,4","BA 67 F2"
"36.925325999999998","37.586682000000003","658474","Germanikeia","791","\N","place","Anatolike","Euphratesia","40","713,5","BA 67 D1"
"38.307990417699997","37.795560191","0","Perre","792","\N","place","Anatolike","Euphratesia","40","713,6","BA 67 G1"
"36.632518500000003","37.026259500000002","658547","Nikopolis","793","\N","place","Anatolike","Euphratesia","40","713,7","BA 67 D2"
"38.0709625","36.206794500000001","658461","Salton Eragizenon","795","t","place","Anatolike","Euphratesia","40","713,9","BA 67 G4"
"37.865549999999999","37.110366999999997","658562","Ourima
Ourima","796","\N","place","Anatolike","Euphratesia","40","713,10","BA 67 F2"
"38.013528999999998","36.829504999999997","658465","Europos","797","\N","place","Anatolike","Euphratesia","40","713,11","BA 67 G3"
"38.781432000000002","37.162557499999998","658457","Edessa","799","\N","place","Anatolike","Osroene","40","714,1","BA 67 H2"
"39.774763295500001","37.246417790300001","0","Constantina","800","f","place","Anatolike","Osroene","40","714,2","BA 89 B3 Antiochia Arabis"
"40.043230999999999","36.824460999999999","874662","Theodosioupolis","801","\N","place","Anatolike","Osroene","40","714,3","BA 89 C4 Resaina"
"39.031492","36.864691999999998","658427","Karrai","802","\N","place","Anatolike","Osroene","40","714,4","BA 67 H3"
"38.424509999999998","36.976694000000002","658405","Batnai","803","\N","place","Anatolike","Osroene","40","714,5","BA 67 G3"
"39.060079913700001","35.951681646399997","0","Leontopolis He Kai Kallinikos","805","\N","place","Anatolike","Osroene","40","715,1","BA 68 G2 Nicephorium"
"37.978774999999999","37.025429000000003","658412","Birtha","806","\N","place","Anatolike","Osroene","40","715,2","BA 67 F2"
"40.257749884799999","37.910374631000003","0","Amida","808","\N","place","Anatolike","Mesopotamia","40","715,4","BA 89 C3"
"35.209358000000002","33.268070999999999","678437","Tyros","810","\N","place","Anatolike","Phoinike","40","715,6","BA 69 B3"
"35.0741868","32.924715999999997","678010","Ptolemais","811","\N","place","Anatolike","Phoinike","41","715,7","BA 69 B4 Ake"
"35.371208000000003","33.560243","678393","Sidon","812","\N","place","Anatolike","Phoinike","41","715,8","BA 69 B2"
"35.518114570100003","33.890461929099999","0","Berytos","813","\N","place","Anatolike","Phoinike","41","715,9","BA 69 C2"
"35.645732000000002","34.119025999999998","668216","Byblos","814","\N","place","Anatolike","Phoinike","41","715,10","BA 68 A5"
"35.661853999999998","34.256048","668214","Botrys","815","\N","place","Anatolike","Phoinike","41","716,1","BA 68 A5"
"35.811999999999998","34.448999999999998","668394","Tripolis","816","\N","place","Anatolike","Phoinike","41","716,2","BA 68 A5"
"36.042802500000001","34.533092000000003","668198","Arkai","817","\N","place","Anatolike","Phoinike","41","716,3","BA 68 B4"
"35.954768000000001","34.510876000000003","668325","Orthosias","818","\N","place","Anatolike","Phoinike","41","716,4","BA 68 A4"
"35.859448","34.858396999999997","668197","Arados","819","\N","place","Anatolike","Phoinike","41","716,5","BA 68 A4"
"35.8836795","34.897427499999999","668190","Antarados/Konstantina","820","\N","place","Anatolike","Phoinike","41","716,6","BA 68 A4"
"35.693185","33.247951999999998","678324","Paneas","824","\N","place","Anatolike","Phoinike","41","716,9","BA 69 C3"
"36.719318999999999","34.7376565","668261","Emisa","826","\N","place","Anatolike","Phoinike Libanesia","41","717,2","BA 68 C4 (H)Emesa"
"36.541469999999997","34.572648000000001","668291","Laodikeia","827","\N","place","Anatolike","Phoinike Libanesia","41","717,3","BA 68 C4"
"36.307010071100002","33.511477645100001","678106","Damaskos","828","\N","place","Anatolike","Phoinike Libanesia","41","717,4","BA 69 D2"
"36.202120499999999","34.011013499999997","678179","Helioupolis","829","\N","place","Anatolike","Phoinike Libanesia","41","717,5","BA 69 D1"
"36.115948500000002","33.627108","677993","Abila","830","\N","place","Anatolike","Phoinike Libanesia","41","717,6","BA 69 D2"
"38.2668818","34.552236600000001","668331","Palmyra","831","\N","place","Anatolike","Phoinike Libanesia","41","717,7","BA 68 F4"
"34.8987030682","32.5076386207","0","Kaisareia","833","\N","place","Anatolike","Palaistine I","41","718,1","BA 69 A4"
"34.922192000000003","32.616785499999999","678121","Dora","834","\N","place","Anatolike","Palaistine I","41","718,2","BA 69 A4"
"34.930717000000001","32.104810999999998","687996","Antipatris","835","\N","place","Anatolike","Palaistine I","41","718,3","BA 70 F1"
"34.892378000000001","31.958253500000001","687953","Diospolis","836","f","place","Anatolike","Palaistine I","41","718,4","BA 70 F2 Lydda"
"34.622004500000003","31.783466499999999","687843","Azotos Paralios","837","\N","place","Anatolike","Palaistine I","41","718,5","BA 70 F2"
"34.656061000000001","31.756038","687838","Azotos Mesogeios","838","\N","place","Anatolike","Palaistine I","41","718,6","BA 70 F2"
"34.894123999999998","31.607738000000001","687854","Eleutheropolis","839","\N","place","Anatolike","Palaistine I","41","718,7","BA 70 F2"
"35.234748349999997","31.777464599999998","687928","Ailia He Kai Hierosolyma","840","\N","place","Anatolike","Palaistine I","41","718,8","BA 70 G2 Ierusalem"
"35.262911000000003","32.218685000000001","678301","Neapolis","841","\N","place","Anatolike","Palaistine I","42","718,9","BA 69 B5    The next line 718,10 is blank"
"35.190435999999998","32.276528999999996","678370","Sebaste","842","\N","place","Anatolike","Palaistine I","42","718,11","BA 69 B5"
"34.479750000000003","31.536325999999999","687826","Anthedon","843","\N","place","Anatolike","Palaistine I","42","719,1","BA 70 E2"
"34.372228","31.412880000000001","688036","Sykomazon","845","\N","place","Anatolike","Palaistine I","42","719,3","BA 70 E3"
"34.864193","32.033583999999998","687991","Ono","846","\N","place","Anatolike","Palaistine I","42","719,4","BA 70 F1"
"34.810758","32.196401000000002","678025","Sozousa","847","\N","place","Anatolike","Palaistine I","42","719,5","BA 69 A5 Apollonia"
"34.752119","32.053722","687931","Ioppe","848","\N","place","Anatolike","Palaistine I","42","719,6","BA 70 F1"
"34.445391999999998","31.529444000000002","687902","Gaza","849","\N","place","Anatolike","Palaistine I","42","719,7","BA 70 E2"
"34.242502999999999","31.290687999999999","688015","Raphia","850","\N","place","Anatolike","Palaistine I","42","719,8","BA 70 E3"
"34.546334000000002","31.661963","687839","Askalon","851","\N","place","Anatolike","Palaistine I","42","719,9","BA 70 F2"
"34.920180999999999","31.866353","687904","Gazaris?","852","\N","place","Anatolike","Palaistine I","42","719,10","BA 70 F2"
"34.097014999999999","31.221585000000001","687865","Bitylion","853","\N","place","Anatolike","Palaistine I","42","719,11","BA 70 E3"
"35.501959999999997","32.502074","678378","Skythopolis","855","\N","place","Anatolike","Palaistine II","42","720,1","BA 69 C4"
"35.615827000000003","32.449525000000001","678326","Pella","856","\N","place","Anatolike","Palaistine II","42","720,2","BA 69 C5"
"35.678145499999999","32.655921999999997","678142","Gadara","857","\N","place","Anatolike","Palaistine II","42","720,3","BA 69 C4"
"35.644071951500003","31.846493019299999","0","Abila","858","\N","place","Anatolike","Palaistine II","42","720,4","BA 71 B2"
"35.858293500000002","32.598601500000001","678224","Kapetolias","859","\N","place","Anatolike","Palaistine II","42","720,5","BA 69 C4"
"35.659794499999997","32.778670499999997","678185","Hippos","860","\N","place","Anatolike","Palaistine II","42","720,6","BA 69 C4"
"35.542293999999998","32.787692","678431","Tiberias","861","\N","place","Anatolike","Palaistine II","42","720,7","BA 69 C4"
"35.440404000000001","32.718750999999997","678178","Helenopolis","862","\N","place","Anatolike","Palaistine II","42","720,8","BA 69 B4"
"35.281457000000003","32.753594499999998","678387","Diokaisareia","863","\N","place","Anatolike","Palaistine II","43","720,9","BA 69 B4 Sepphoris"
"35.186378499999996","32.575288","678266","Maximianoupolis","864","\N","place","Anatolike","Palaistine II","43","720,10","BA 69 B4 Legio"
"35.106901999999998","32.730364999999999","678137","Gabai","865","\N","place","Anatolike","Palaistine II","43","720,11","BA 69 B4 Gaba Philippi"
"35.442275000000002","30.328980999999999","697725","Petra","867","\N","place","Anatolike","Palaistine III","43","721,2","BA 71 A5"
"35.595709999999997","30.329232000000001","697625","Augoustopolis","868","\N","place","Anatolike","Palaistine III","43","721,3","BA 71 B5 Adrou"
"35.6492600236","30.708195093","0","Arindela","869","\N","place","Anatolike","Palaistine III","43","721,4","BA 71 B4"
"35.701715999999998","31.180938999999999","697648","Charachmoba","870","\N","place","Anatolike","Palaistine III","43","721,5","BA 71 B3"
"35.735999999999997","31.272020999999999","697632","Areopolis","871","\N","place","Anatolike","Palaistine III","43","721,6","BA 71 B3"
"35.481817499999998","31.027273000000001","697768","Zoora","872","\N","place","Anatolike","Palaistine III","43","721,7","BA 71 A3"
"35.060575499999999","31.0301455","687963","Mampsis","873","\N","place","Anatolike","Palaistine III","43","721,8","BA 70 G3"
"34.954569014299999","32.2425026425","0","Baitarrous","874","\N","place","Anatolike","Palaistine III","43","721,9","BA 69 A5 Bethther"
"34.648324500000001","31.0995445","687890","Elousa","875","\N","place","Anatolike","Palaistine III","43","721,10","BA 70 F3"
"36.481471925000001","32.517971025000001","678073","Bostra","878","\N","place","Anatolike","Arabia","44","722,1","BA 69 D4"
"36.794520754499999","32.740800938600003","0","Neila Kome","879","\N","place","Anatolike","Arabia","44","722,2","BA 69 E4 Nelkomia"
"36.107990000000001","32.618791000000002","678002","Adraa","880","\N","place","Anatolike","Arabia","44","722,3","BA 69 D4"
"35.794077999999999","31.717693000000001","697701","Medaba","883","f","place","Anatolike","Arabia","44","722,6","BA 71 B2"
"35.891767999999999","32.278864499999997","678158","Gerasa","884","\N","place","Anatolike","Arabia","44","722,7","BA 69 C5"
"36.0422425","32.889163000000003","678307","Neue?","885","f","place","Anatolike","Arabia","44","722, 8","BA 69 D4"
"35.934601999999998","31.955127999999998","697728","Philadelpheia","886","\N","place","Anatolike","Arabia","44","722,9","BA 71 B2"
"36.627524999999999","32.853765000000003","678332","Philippoupolis","889","\N","place","Anatolike","Arabia","44","722,12","BA 69 E4"
"36.402061996900002","33.142815145900002","0","Phaina","890","\N","place","Anatolike","Arabia","44","723,1","BA 69 D3"
"36.565286499999999","32.707082999999997","678119","Dionysias","892","\N","place","Anatolike","Arabia","45","723,3","BA 69 E4"
"36.603111333299999","32.742615333300002","678082","Kanotha","893","\N","place","Anatolike","Arabia","45","723,4","BA 69 E4 Canatha"
"29.907914666700002","31.1982456667","727070","Alexandreia","897","\N","place","Aigyptiake","Aigyptos","45","723,7","BA 74 B2"
"30.447113500899999","31.018609977600001","0","Hermoupolis","898","\N","place","Aigyptiake","Aigyptos","45","724,1","BA 74 C2 Hermopolis Mikra"
"30.204527451299999","31.125090857699998","0","Menelaites","899","t","place","Aigyptiake","Aigyptos","45","724,2","BA 74 C2 Schedia"
"30.484946930900001","31.1563807699","0","Metelis","900","\N","place","Aigyptiake","Aigyptos","45","724,3","BA 74 C2"
"30.750494779099999","31.206349451000001","0","Bouto","901","\N","place","Aigyptiake","Aigyptos","45","724,4","BA 74 D2"
"30.724602527599998","31.130543944900001","727133","Kabasa","902","\N","place","Aigyptiake","Aigyptos","45","724,5","BA 74 D2"
"30.786722072900002","30.892795976999999","0","Sais","903","\N","place","Aigyptiake","Aigyptos","45","724,6","BA 74 D3"
"30.588037078900001","30.8511554094","0","Naukratis","904","\N","place","Aigyptiake","Aigyptos","45","724,7","BA 74 D3"
"30.626467000000002","30.778075999999999","727071","Andron","905","\N","place","Aigyptiake","Aigyptos","45","724,8","BA 74 D3 Andronpolis"
"30.860485364100001","30.410955123299999","0","Nikiou","906","\N","place","Aigyptiake","Aigyptos","45","724,9","BA 74 D4"
"30.959887347599999","31.067150982200001","0","Xois","907","\N","place","Aigyptiake","Aigyptos","45","724,10","BA 74 D2"
"30.941743957500002","31.242517258300001","0","Phragonis","908","\N","place","Aigyptiake","Aigyptos","45","724,11","BA 74 D2"
"31.0227497331","31.3922002272","0","Pachnemounis","909","\N","place","Aigyptiake","Aigyptos","45","724,12","BA 74 E2"
"31.624634394499999","31.3093751553","0","Diospolis","910","\N","place","Aigyptiake","Aigyptos","45","725,1","BA 74 F2 Diospolis Kato"
"31.259634990599999","30.982521485700001","0","Sebennytos","911","\N","place","Aigyptiake","Aigyptos","45","725,2","BA 74 E3"
"30.927702","30.877265000000001","727180","Onouphis","912","\N","place","Aigyptiake","Aigyptos","45","725,3","BA 74 D4 Onouphis Ano"
"31.004611000000001","30.770926500000002","727243","Taua","913","f","place","Aigyptiake","Aigyptos","45","725,4","BA 74 E3 Taya"
"31.232961232699999","30.912259968000001","0","Kyno","915","\N","place","Aigyptiake","Aigyptos","45","725,6","BA 74 E3 Kynopolis"
"31.2334371249","30.924633165199999","0","Bousiris","916","\N","place","Aigyptiake","Aigyptos","46","725,7","BA 74 E3"
"33.796925999999999","31.111754999999999","688016","Rinokoroura","921","f","place","Aigyptiake","Augoustamnike I","46","726,4","BA 70 D3 Rhinocolura"
"33.430636","31.115929999999999","687993","Ostrakine","922","\N","place","Aigyptiake","Augoustamnike I","46","727,1","BA 70 C3"
"33.0779","31.211600000000001","687872","Kasion","923","\N","place","Aigyptiake","Augoustamnike I","46","727,2","BA 70 C3"
"32.665525000000002","31.047307","687909","Gerra","926","\N","place","Aigyptiake","Augoustamnike I","46","727,5","BA 70 B3"
"32.568969101","31.0390247616","0","Pelousion","928","\N","place","Aigyptiake","Augoustamnike I","46","727,7","BA 74 H2"
"32.197273497300003","31.019715435599998","0","Sethroites","929","\N","place","Aigyptiake","Augoustamnike I","46","727,8","BA 74 G2 Herakleopolis Mikra"
"32.088793870000003","31.010661586400001","0","Hephaistos","930","\N","place","Aigyptiake","Augoustamnike I","46","727,9","BA 74 G2"
"31.936","31.158072000000001","727184","Panephysis","931","\N","place","Aigyptiake","Augoustamnike I","46","727,10","BA 74 F2"
"31.9806919822","31.005382157300001","0","Tanis","932","\N","place","Aigyptiake","Augoustamnike I","46","727,11","BA 74 F2"
"31.609194666899999","30.970768931199999","0","Thmouis","933","\N","place","Aigyptiake","Augoustamnike I","46","727,12","BA 74 F3"
"31.390998092699999","30.7578071712","0","Leonto","935","\N","place","Aigyptiake","Augoustamnike II","46","728,1","BA 74 E4 Leontopolis"
"31.184479","30.472429999999999","727078","Athribis","936","\N","place","Aigyptiake","Augoustamnike II","46","728,2","BA 74 E4"
"31.284786","30.131757","727117","Heliou","937","\N","place","Aigyptiake","Augoustamnike II","46","728,3","BA 74 E4 Heliopolis"
"31.507262666700001","30.576879000000002","727088","Boubastos","938","\N","place","Aigyptiake","Augoustamnike II","46","728,4","BA 74 E3"
"31.620556000000001","30.734256999999999","727196","Pharbaithos","939","\N","place","Aigyptiake","Augoustamnike II","46","728,5","BA 74 F3"
"32.570550451099997","29.958262666900001","0","Klysma Kastron","941","\N","place","Aigyptiake","Augoustamnike II","46","728,7","BA 74 H5"
"30.782896999999998","28.479495","736949","Kyno","943","\N","place","Aigyptiake","Arkadia","46","729,2","BA 75 D4 Kynopolis"
"30.651720000000001","28.542573999999998","736983","Oxrynchos","944","\N","place","Aigyptiake","Arkadia","46","729,3","BA 75 D3"
"30.9423634067","29.087072613299998","0","Herakleous","945","\N","place","Aigyptiake","Arkadia","46","729,4","BA 75 D2 Herakleopolis"
"30.762305399999999","29.107196850000001","737072","Theodosioupolis","947","\N","place","Aigyptiake","Arkadia","46","729,6","BA 75 D2 Tebtynis"
"31.120460000000001","29.184652","737089","Neiloupolis","948","\N","place","Aigyptiake","Arkadia","46","730,1","BA 75 E2 Tilothis"
"31.251670000000001","29.408418999999999","736889","Aphrodito","949","\N","place","Aigyptiake","Arkadia","47","730,2","BA 75 E2 Aphrodito(polis)"
"31.255061000000001","29.849491","736963","Memphis","950","\N","place","Aigyptiake","Arkadia","47","730,3","BA 75 E1"
"31.1374996274","30.141689058499999","0","Letous","951","\N","place","Aigyptiake","Arkadia","47","730,4","BA 74 E4 Letopolis"
"30.803915863299999","27.768672301900001","0","Hermou","953","\N","place","Aigyptiake","Thebais Engista","47","730,6","BA 77 D1 Hermopolis Magna"
"30.700165479199999","28.191419217899998","0","Theodosioupolis","954","\N","place","Aigyptiake","Thebais Engista","47","730,7","BA 75 D4"
"30.881002500000001","27.8105625","756518","Antino","955","\N","place","Aigyptiake","Thebais Engista","47","730,8","77 D1 Antinoopolis"
"30.817990999999999","27.438182999999999","756588","Kousai","956","\N","place","Aigyptiake","Thebais Engista","47","730,9","BA 77 D2"
"31.182533500000002","27.181346000000001","756593","Lykon","957","\N","place","Aigyptiake","Thebais Engista","47","731,1","BA 77 E2 Lykopolis"
"31.234697000000001","27.146591999999998","756578","Hypsele","958","f","place","Aigyptiake","Thebais Engista","47","731,2","BA 77 E2"
"31.362551293500001","26.929354229000001","0","Apollonos Mikra","959","\N","place","Aigyptiake","Thebais Engista","47","731,3","BA 77 E3 Apollonopolis Heptakomias Mikra"
"31.517443","26.899283499999999","756515","Antaiou","960","\N","place","Aigyptiake","Thebais Engista","47","731,4","BA 77 F3 Antaiopolis"
"31.746075000000001","26.565878000000001","756613","Panos","961","\N","place","Aigyptiake","Thebais Engista","47","731,5","BA 77 F3 Panopolis"
"31.802059","26.476779000000001","756635","Ptolemais","964","\N","place","Aigyptiake","Thebais Ano","47","731,8","BA 77 F4 Ptolemais Hermiou"
"32.311430770500003","25.999326031799999","0","Diospolis","965","\N","place","Aigyptiake","Thebais Ano","47","731,9","BA 77 G4 Diospolis Mikra"
"32.650759448800002","26.161880133","0","Tentyra","966","\N","place","Aigyptiake","Thebais Ano","47","731,10","BA 80 B1"
"32.718931006600002","26.160809375500001","0","Maximianoupolis","967","\N","place","Aigyptiake","Thebais Ano","47","731,11","BA 80 B1 Kaine"
"32.815787","25.996402","786010","Koptos","968","\N","place","Aigyptiake","Thebais Ano","47","732,1","BA 80 B1"
"32.653383565799999","25.7031978252","0","Thebai","969","\N","place","Aigyptiake","Thebais Ano","47","732,2","BA 80 B2"
"32.751322180800003","25.9124952152","0","Diokletianoupolis","970","\N","place","Aigyptiake","Thebais Ano","47","732,3","BA 80 B2 Apollonopolis Parva"
"32.5496628605","25.622795837799998","0","Hermonthis","971","\N","place","Aigyptiake","Thebais Ano","47","732,4","BA 80 B2"
"32.545647520099998","25.297949838400001","0","Lato","972","\N","place","Aigyptiake","Thebais Ano","47","732,5","BA 80 B3 Latopolis"
"32.877582330400003","24.969584219600002","0","Apollonos","973","\N","place","Aigyptiake","Thebais Ano","47","732,6","BA 80 B4 Apollonopolis Magna"
"32.935879125100001","24.468707677800001","0","Omboi","974","\N","place","Aigyptiake","Thebais Ano","47","732,7","BA 80 B5"
"21.9725","32.896299999999997","373732","Sozousa","976","\N","place","Aigyptiake","Libye He Ano","47","732,9","BA 38 C1 Apollonia"
"21.723206600600001","32.834990163800001","0","Kyrene","977","\N","place","Aigyptiake","Libye He Ano","47","732,10","BA 38 C1"
"20.950755999999998","32.709470000000003","373879","Ptolemais","978","\N","place","Aigyptiake","Libye He Ano","48","732,11","BA 38 B1"
"20.565847000000002","32.537142000000003","373736","Taucheira","979","\N","place","Aigyptiake","Libye He Ano","48","733,1","BA 38 B1"
"20.306643999999999","32.350430000000003","373824","Adriane","980","\N","place","Aigyptiake","Libye He Ano","48","733,2","BA 38 B1 Hadrianopolis"
"20.064250000000001","32.124519999999997","373757","Beronike","981","\N","place","Aigyptiake","Libye He Ano","48","733,3","BA 38 B1"
"27.236943","31.350247","716615","Paraitonion","983","\N","place","Aigyptiake","Libye He Kato","48","733,5","BA 73 E2"
"26.3184033056","31.512093359400001","0","Zeugra","984","\N","place","Aigyptiake","Libye He Kato","48","733,6a","BA 73 D2 Zygris"
"28.267023999999999","31.062802999999999","716617","Pedonia","986","\N","place","Aigyptiake","Libye He Kato","48","734,1","BA 73 F2"
"29.012034","30.823446000000001","716524","Antiphra","987","\N","place","Aigyptiake","Libye He Kato","48","734,2","BA 73 G3"
"22.6415516667","32.767384999999997","373780","Darnis","988","\N","place","Aigyptiake","Libye He Kato","48","734,3","BA 38 D1"
"25.5266604497","29.207598139600002","0","Ammoniake","989","f","place","Aigyptiake","Libye He Kato","48","734,4","BA 73 C4 Ammon"
