"uid","name","diocese","province","honigmann_page_number","hierokles_section_and_line_numbers","external_references"
1,"Konstantinoupolis",,,12,"631,3","BA 52 D2"
2,"Thrakike","Thrakike",,12,"631,4a","BA 102 D3"
3,"Europe","Thrakike","Europe",12,"631,4b","BA 102 E3"
4,"Eudoxiopolis","Thrakike","Europe",12,"632,1","BA 52 C2"
5,"Herakleia","Thrakike","Europe",12,"632,2","BA 52 B3"
6,"Arkadioupolis","Thrakike","Europe",12,"632,3","BA 52 A2"
7,"Bizye","Thrakike","Europe",12,"632,4","BA 52 B1"
8,"Panion","Thrakike","Europe",12,"632,5","BA 52 A3"
9,"Ornoi","Thrakike","Europe",12,"632,6","BA 52 A3"
10,"Ganos","Thrakike","Europe",12,"633,1","BA 52 A3"
11,"Kallipolis","Thrakike","Europe",12,"633,2","BA 51 H4"
12,"Merizos","Thrakike","Europe",12,"633,3","TIB Ostthrakien 530"
13,"Siltike","Thrakike","Europe",12,"633,4","TIB Ostthrakien 650; Unloc"
14,"Sausadia","Thrakike","Europe",12,"633,5","TIB Ostthrakien 630"
15,"Aphrodisia","Thrakike","Europe",12,"634,1","BA 51 H3"
16,"Apros","Thrakike","Europe",12,"634,2","BA 52 A3"
17,"Koila","Thrakike","Europe",12,"634,3","BA 51 G4"
18,"Rodope","Thrakike","Rodope",12,"634,4","BA 102 D3"
19,"Ainos","Thrakike","Rodope",12,"634,5","BA 51 G3"
20,"Maximianoupolis","Thrakike","Rodope",12,"634,6","BA 51 E2"
21,"Traianoupolis","Thrakike","Rodope",12,"634,7","BA 51 G3"
22,"Maroneia","Thrakike","Rodope",12,"634,8","BA 51 F3"
23,"Tapeiros","Thrakike","Rodope",12,"634,9","51 D2 Topeiros"
24,"Nikopolis","Thrakike","Rodope",12,"635,1","51 B1 Nicopolis ad Nestum"
25,"Kereopyrgos","Thrakike","Rodope",12,"635,2","BA 51 Unloc"
26,"Thrake","Thrakike","Thrake",12,"635,3","BA 102 E3"
27,"Philippoupolis","Thrakike","Thrake",12,"635,4","BA 22 B6"
28,"Beroe","Thrakike","Thrake",12,"635,5","BA 22 C6"
29,"Diokletianoupolis","Thrakike","Thrake",12,"635,6","BA 22 B6"
30,"Sebastoupolis","Thrakike","Thrake",13,"635,7","BA 22 Unloc"
31,"Diospolis","Thrakike","Thrake",13,"635,8","BA 22 D6"
32,"Haimimontos","Thrakike","Haimimontos",13,"635,9","BA 102 E3"
33,"Adrianoupolis","Thrakike","Haimimontos",13,"635,10","BA 51 H1"
34,"Anchialos","Thrakike","Haimimontos",13,"635,11","BA 22 E6"
35,"Debeltos","Thrakike","Haimimontos",13,"635,12","BA 22 E6; TIB Thrakien 234"
36,"Plotinopolis","Thrakike","Haimimontos",13,"635,13","BA 51 G2"
37,"Tzoida","Thrakike","Haimimontos",13,"635,14","BA 22 Unloc"
38,"Mysia II","Thrakike","Mysia II",13,"636,1","BA 102 E3"
39,"Markianoupolis","Thrakike","Mysia II",13,"636,2","BA 22 E5"
40,"Odessos","Thrakike","Mysia II",13,"636,3","BA 22 E5"
41,"Dorostolos","Thrakike","Mysia II",13,"636,4","BA 22 E4"
42,"Nikopolis","Thrakike","Mysia II",13,"636,5","BA 22 C5"
43,"Nobai","Thrakike","Mysia II",13,"636,6","BA 22 C5"
44,"Appiaria","Thrakike","Mysia II",13,"636,7","BA 22 D5"
45,"Abrittos","Thrakike","Mysia II",13,"636,8","BA 22 D5"
46,"Skythia","Thrakike","Skythia",13,"636,9","BA 102 E3"
47,"Tomis","Thrakike","Skythia",13,"637,1","BA 22 F4"
48,"Dionysopolis","Thrakike","Skythia",13,"637,2","BA 22 F5"
49,"Akrai","Thrakike","Skythia",13,"637,3","Unloc"
50,"Kallatis","Thrakike","Skythia",13,"637,4","BA 22 F5"
51,"Istros","Thrakike","Skythia",13,"637,5","BA 22 F4"
52,"Constantiana","Thrakike","Skythia",13,"637,6","TIR Romula 34"
53,"Zeldepa","Thrakike","Skythia",13,"637,7","BA 22 Zaldapa; Unloc"
54,"Tropaion","Thrakike","Skythia",13,"637,8","BA 22 E4"
55,"Axioupolis","Thrakike","Skythia",14,"637,9","BA 22 F4"
56,"Kapidaba","Thrakike","Skythia",14,"637,10","BA 22 F4"
57,"Karsos","Thrakike","Skythia",14,"637,11","BA 22 E4"
58,"Trosmis","Thrakike","Skythia",14,"637,12","BA 22 F3"
59,"Nobiodounon","Thrakike","Skythia",14,"637,13","BA 22 F3"
60,"Aigissos","Thrakike","Skythia",14,"637,14","BA 22 F3"
61,"Halmyris","Thrakike","Skythia",14,"637,15","BA 23 C3"
62,"Illyrikon","Illyrikon",,14,"638,1a","BA 102 C3"
63,"Makedonia I","Illyrikon","Makedonia I",14,"638,1b","BA 102 D3"
64,"Thessalonike","Illyrikon","Makedonia I",14,"638,2","BA 50 C3"
65,"Pelle","Illyrikon","Makedonia I",14,"638,3","BA 50 C3"
66,"Europos","Illyrikon","Makedonia I",14,"638,4","BA 50 C3"
67,"Dion","Illyrikon","Makedonia I",14,"638,5","BA 50 B4"
68,"Beroia","Illyrikon","Makedonia I",14,"638,6","BA 50 B3"
69,"Eordaia","Illyrikon","Makedonia I",14,"638,7","BA 50 A3"
70,"Edessa","Illyrikon","Makedonia I",14,"638,8","BA 50 B3"
71,"Kellai","Illyrikon","Makedonia I",14,"638,9","BA 22 C6 Cillis?"
72,"Almopia","Illyrikon","Makedonia I",14,"638,10","BA 50 A3"
73,"Larissa","Illyrikon","Makedonia I",14,"638,11","Papazoglou, Villes 159, 161, 440; Unloc"
74,"Herakleia Lynkou","Illyrikon","Makedonia I",14,"639,1","BA 49 D2"
75,"Antania","Illyrikon","Makedonia I",14,"639,2a","BA 49 Unloc"
76,"Gemindos","Illyrikon","Makedonia I",14,"639,2b","Papazoglou, Villes 326, 440; Unloc"
77,"Nikaia?","Illyrikon","Makedonia I",14,"639,3","BA 49 D2 Nicia"
78,"Doberos","Illyrikon","Makedonia I",14,"639,4","BA 50 C2"
79,"Idomene","Illyrikon","Makedonia I",14,"639,5","BA 50 B2"
80,"Bragylos","Illyrikon","Makedonia I",14,"639,6","BA 50 C2 Bragylai"
81,"Primana","Illyrikon","Makedonia I",14,"639,7","BA 49 Primoula; Unloc"
82,"Paroikopolis","Illyrikon","Makedonia I",14,"639,8","BA 50 D1"
83,"Herakleia Strymonos","Illyrikon","Makedonia I",15,"639,9","BA 50 D2"
84,"Serrai","Illyrikon","Makedonia I",15,"639,10","BA 51 B2 Sirra"
85,"Philippoi","Illyrikon","Makedonia I",15,"640,1","BA 51 C2"
86,"Amphipolis","Illyrikon","Makedonia I",15,"640,2","BA 51 B3"
87,"Apollonia","Illyrikon","Makedonia I",15,"640,3","BA 50 D3"
88,"Neapolis","Illyrikon","Makedonia I",15,"640,4","BA 51 C3"
89,"Akanthos","Illyrikon","Makedonia I",15,"640,5","BA 51 B4"
90,"Berge","Illyrikon","Makedonia I",15,"640,6","BA 51 B3"
91,"Aralos","Illyrikon","Makedonia I",15,"640,7","BA 50 D2 Ar(r)olos"
92,"Klima Mestikon","Illyrikon","Makedonia I",15,"640,8a","TIR Philippi 32; Unloc"
93,"Akontisma","Illyrikon","Makedonia I",15,"640,8b","BA 51 D3"
94,"Nesos Thasos","Illyrikon","Makedonia I",15,"640,9","BA 51 D3"
95,"Nesos Samothrake","Illyrikon","Makedonia I",15,"640,10","BA 51 F4"
96,"Makedonia II","Illyrikon","Makedonia II",15,"641,1","BA 102 D3"
97,"Stoboi","Illyrikon","Makedonia II",15,"641,2","BA 50 A1"
98,"Argos","Illyrikon","Makedonia II",15,"641,3","BA 50 A1"
99,"Aistraion","Illyrikon","Makedonia II",15,"641,4","BA 50 B1 Astraia?"
100,"Pelagonia","Illyrikon","Makedonia II",15,"641,5","BA 49 D2"
101,"Bargala","Illyrikon","Makedonia II",16,"641,6","BA 50 B1"
102,"Kelainidion","Illyrikon","Makedonia II",16,"641,7","BA 50 Kelenidin; Unloc"
103,"Harmonia","Illyrikon","Makedonia II",16,"641,8","BA 50 Unloc"
104,"Zapara","Illyrikon","Makedonia II",16,"641,9","BA 50 Unloc"
105,"Thessalia","Illyrikon","Thessalia",16,"642,1","BA 102 D4"
106,"Larissa","Illyrikon","Thessalia",16,"642,2","BA 55 C1"
107,"Demetrias","Illyrikon","Thessalia",16,"642,3","BA 55 D2"
108,"Thebai","Illyrikon","Thessalia",16,"642,4","BA 55 D2"
109,"Echinos","Illyrikon","Thessalia",16,"642,5","BA 55 D3"
110,"Lamia","Illyrikon","Thessalia",16,"642,6","BA  55 C3"
111,"Hypata","Illyrikon","Thessalia",16,"642,7","BA 55 C3"
112,"Metropolis","Illyrikon","Thessalia",16,"642,8","BA 55 B2"
113,"Trikke","Illyrikon","Thessalia",16,"642,9","BA 55 B1"
114,"Gomphoi","Illyrikon","Thessalia",16,"642,10","BA 55 B2"
115,"Kaisareia","Illyrikon","Thessalia",16,"642,11","Papazoglou, Villes 248-49; Unloc"
116,"Diokletianoupolis","Illyrikon","Thessalia",16,"642,12","BA 49 D3; Papazoglou, Villes 238-39, 440"
117,"Pharsalos","Illyrikon","Thessalia",16,"642,13","BA 55 C2"
118,"Saltos Bouramesios","Illyrikon","Thessalia",16,"643,1","Unloc"
119,"Saltos Iobios","Illyrikon","Thessalia",16,"643,2","Unloc"
120,"Nesos Skiathos","Illyrikon","Thessalia",16,"643,3","BA 55 E2"
121,"Skopelos","Illyrikon","Thessalia",16,"643,4","BA 55 F2 Peparethos"
122,"Nesos Peparethos","Illyrikon","Thessalia",16,"643,5","BA 55 F2"
123,"Hellas","Illyrikon","Hellas",16,"643,6","BA 102 D4"
124,"Skarpheia","Illyrikon","Hellas",16,"643,7","BA 55 D3"
125,"Elateia","Illyrikon","Hellas",16,"643,8","BA 55 D3"
126,"Boion","Illyrikon","Hellas",16,"643,9a","BA 55 C3"
127,"Drymia","Illyrikon","Hellas",16,"643,9b","BA 55 D3"
128,"Daulis","Illyrikon","Hellas",16,"643,10","BA 55 D3"
129,"Chaironeia","Illyrikon","Hellas",17,"643,11","BA 55 D4"
130,"Naupactos","Illyrikon","Hellas",17,"643,12","BA 55 B4"
131,"Delphoi","Illyrikon","Hellas",17,"643,13","BA 55 D4"
132,"Amphissa","Illyrikon","Hellas",17,"644,1","BA 55 C3"
133,"Tithora","Illyrikon","Hellas",17,"644,2","BA 55 D3"
134,"Ambrosos","Illyrikon","Hellas",17,"644,3","BA 55 D4"
135,"Antikyra","Illyrikon","Hellas",17,"644,4","BA 55 D4"
136,"Lebadeia","Illyrikon","Hellas",17,"644,5","BA 55 D4"
137,"Koroneia","Illyrikon","Hellas",17,"644,6","BA 55 D4"
138,"Stiris","Illyrikon","Hellas",17,"644,7","BA 55 D4"
139,"Opous","Illyrikon","Hellas",17,"644,8","BA 55 E3"
140,"Anastasis","Illyrikon","Hellas",17,"644,9","TIB Hellas 122; Unloc"
141,"Aidepsos","Illyrikon","Hellas",17,"644,10","BA 55 E3"
142,"Nesos Euboia","Illyrikon","Hellas",17,"644,11","BA 55 E3"
143,"Anthedon","Illyrikon","Hellas",17,"644,12","BA 55 E4"
144,"Boumelita","Illyrikon","Hellas",17,"645,1","BA 55 E3"
145,"Thespiai","Illyrikon","Hellas",17,"645,2","BA 55 E4"
146,"Hyettos","Illyrikon","Hellas",17,"645,3a","BA 55 E3"
147,"Thisbai","Illyrikon","Hellas",17,"645,3b","BA 55 D4"
148,"Thebai","Illyrikon","Hellas",17,"645,4","BA 55 E4"
149,"Tanagra","Illyrikon","Hellas",17,"645,5","BA 55 F4"
150,"Chalkis","Illyrikon","Hellas",17,"645,6","BA 55 B4"
151,"Porthmos","Illyrikon","Hellas",17,"645,7","BA 55 G4"
152,"Karystos","Illyrikon","Hellas",17,"645,8","BA 58 G1"
153,"Plataiai","Illyrikon","Hellas",17,"645,9","BA 55 E4"
154,"Aigosthena","Illyrikon","Hellas",17,"645,10","BA 58 E1"
155,"Athenai","Illyrikon","Hellas",17,"645,11","BA 58 F2"
156,"Megara","Illyrikon","Hellas",17,"645,12","BA 58 E2"
157,"Pagai","Illyrikon","Hellas",17,"645,13","BA 58 E1"
158,"Krommyon","Illyrikon","Hellas",17,"645,14","BA 58 E2"
159,"Aigina Nesos","Illyrikon","Hellas",17,"645,15","BA 58 F2"
160,"Pityoussa","Illyrikon","Hellas",17,"646,1","BA 58 E3"
161,"Kea","Illyrikon","Hellas",17,"646,2","BA 58 G2"
162,"Kythnos","Illyrikon","Hellas",17,"646,3","BA 58 G3"
163,"Delos","Illyrikon","Hellas",17,"646,4","BA 61 A3"
164,"Skyros","Illyrikon","Hellas",17,"646,5","BA 55 H3"
165,"Salamis Nesos","Illyrikon","Hellas",17,"646,6","BA 58 E2"
166,"Korinthos","Illyrikon","Hellas",18,"646,7","BA 58 D2"
167,"Nemea","Illyrikon","Hellas",18,"646,8a","BA 58 D2"
168,"Sikyon","Illyrikon","Hellas",18,"646,8b","BA 58 D2"
169,"Aigeira","Illyrikon","Hellas",18,"646,9","BA 58 C1"
170,"Aigion","Illyrikon","Hellas",18,"646,10","BA 58 C1"
171,"Methana","Illyrikon","Hellas",18,"646,11","BA 58 E2"
172,"Troizen","Illyrikon","Hellas",18,"647,1","BA 58 E3"
173,"Epidauros","Illyrikon","Hellas",18,"647,2","BA 58 E2"
174,"Hermione","Illyrikon","Hellas",18,"647,3","BA 58 E3"
175,"Argos","Illyrikon","Hellas",18,"647,4","BA 58 D2"
176,"Tegea","Illyrikon","Hellas",18,"647,5","BA 58 C3"
177,"Thelpousa","Illyrikon","Hellas",18,"647,6","BA 58 B2"
178,"Mantineia","Illyrikon","Hellas",18,"647,7","BA 58 C2"
179,"Lakedaimon","Illyrikon","Hellas",18,"647,8","BA 58 C3 Sparta"
180,"Geronthrai","Illyrikon","Hellas",18,"647,9","BA 58 D4"
181,"Pharis","Illyrikon","Hellas",18,"647,10","BA 58 C3"
182,"Asopos","Illyrikon","Hellas",18,"647,11","BA 58 D4"
183,"Akreai","Illyrikon","Hellas",18,"647,12","BA 58 D4"
184,"Phigaleia","Illyrikon","Hellas",18,"647,13","BA 58 B3"
185,"Messene","Illyrikon","Hellas",18,"647,14","BA 58 B3"
186,"Korone","Illyrikon","Hellas",18,"647,15","BA 58 B4"
187,"Asine","Illyrikon","Hellas",18,"647,16","BA 58 B4"
188,"Mothone","Illyrikon","Hellas",18,"647,17","BA 58 B4"
189,"Kyparissia","Illyrikon","Hellas",18,"648,1","BA 58 B3"
190,"Elis","Illyrikon","Hellas",18,"648,2","BA 58 A2"
191,"Patrai","Illyrikon","Hellas",18,"648,3","BA 58 B1"
192,"[Aigion]","Illyrikon","Hellas",18,"648,4","Copyist's error repeating 646,10 above"
193,"Nesos Kephallenia","Illyrikon","Hellas",18,"648,5","BA 54 B5"
194,"Panormos","Illyrikon","Hellas",18,"648,6","BA 54 C5"
195,"Nesos Zakynthos","Illyrikon","Hellas",18,"648,7","BA 54 inset"
196,"Nesos Kythera","Illyrikon","Hellas",18,"648,8","BA 58 inset"
197,"Nesos Mykonos","Illyrikon","Hellas",18,"648,9","BA 61 A3"
198,"Nesoi Strophades","Illyrikon","Hellas",18,"648,10","TIB Nikopolis 266"
199,"Nesos Kimolos","Illyrikon","Hellas",18,"648,11","BA 58 H4"
200,"Nesos Dorousa","Illyrikon","Hellas",19,"648,12","BA 58 E2 Pityonesos Ins.; TIB Hellas 149"
201,"Nesos Lemnos","Illyrikon","Hellas",19,"649,1","BA 56 A2"
202,"Nesos Imbros","Illyrikon","Hellas",19,"649,2","BA 51 F4"
203,"Krete","Illyrikon","Krete",19,"649,3","BA 102 D4"
204,"Gortyna","Illyrikon","Krete",19,"649,4","BA 60 C2"
205,"Einatos","Illyrikon","Krete",19,"649,5","BA 60 D3"
206,"Bienna","Illyrikon","Krete",19,"649,6","BA 60 D2 Biannos"
207,"Hierapydna","Illyrikon","Krete",19,"649,7","BA 60 E2"
208,"Kamara","Illyrikon","Krete",19,"650,1","BA 60 E2 Lato pros Kamara"
209,"Allyngos","Illyrikon","Krete",19,"650,2","BA 60 E2 Olous; RE Allyngos"
210,"Chersonesos","Illyrikon","Krete",19,"650,3","BA 60 D2"
211,"Lyktos","Illyrikon","Krete",19,"650,4","BA 60 D2"
212,"Arkadia","Illyrikon","Krete",19,"650,5","BA 60 D2 Arkades"
213,"Knosos","Illyrikon","Krete",19,"650,6","BA 60 D2"
214,"Soubritos","Illyrikon","Krete",19,"650,7","BA 60 C2 Sybrita"
215,"Oaxos","Illyrikon","Krete",19,"650,8","BA 60 C2 (W)Axos"
216,"Eleutherna","Illyrikon","Krete",19,"650,9","BA 60 C2"
217,"Lampe","Illyrikon","Krete",19,"650,10","BA 60 B2 Lappa"
218,"Aptera","Illyrikon","Krete",19,"650,11","BA 60 B2"
219,"Kydonia","Illyrikon","Krete",19,"650,12","BA 60 B1"
220,"Kisamos","Illyrikon","Krete",19,"650,13","BA 60 A2"
221,"Kantanos","Illyrikon","Krete",19,"650,14","BA 60 A2"
222,"Elyros","Illyrikon","Krete",19,"650,15","BA 60 A2"
223,"Lissos","Illyrikon","Krete",19,"650,16","BA 60 A2"
224,"Phoinike","Illyrikon","Krete",19,"651,1a","BA 60 B2 Phoinix"
225,"Araden","Illyrikon","Krete",19,"651,1b","BA 60 B2"
226,"Kaudos Nesos","Illyrikon","Krete",19,"651,2","BA 60 B3"
227,"Palaia Epeiros","Illyrikon","Palaia Epeiros",19,"651,3","BA 102 D4"
228,"Nikopolis","Illyrikon","Palaia Epeiros",19,"651,4","BA 54 C3"
229,"Dodone","Illyrikon","Palaia Epeiros",19,"651,5","BA 54 C2"
230,"Euroia Akniou","Illyrikon","Palaia Epeiros",19,"651,6-7","BA 54 C3"
231,"Adrianoupolis","Illyrikon","Palaia Epeiros",19,"651,8","BA 54 B2"
232,"Appon","Illyrikon","Palaia Epeiros",19,"652,1","BA 54 Unloc"
233,"Phoinike","Illyrikon","Palaia Epeiros",19,"652,2","BA 54 B2 Phoinike 1"
234,"Anchiasmos","Illyrikon","Palaia Epeiros",19,"652,3","BA 54 B2 Onchesmos"
235,"Bouthrotos","Illyrikon","Palaia Epeiros",19,"652,4","BA 54 B2"
236,"Photike","Illyrikon","Palaia Epeiros",19,"652,5","BA 54 B3"
237,"Kerkyra Nesos","Illyrikon","Palaia Epeiros",19,"652,6","BA 54 A2 Corcyra Ins."
238,"Ithake Nesos","Illyrikon","Palaia Epeiros",20,"652,7","BA 54 C5"
239,"Nea Epeiros","Illyrikon","Nea Epeiros",20,"652,8","BA 102 D3"
240,"Dyrrachion","Illyrikon","Nea Epeiros",20,"653,1","BA 49 B2"
241,"Skampa","Illyrikon","Nea Epeiros",20,"653,2","BA 49 C2"
242,"Apollonia","Illyrikon","Nea Epeiros",20,"653,3","BA 49 B3"
243,"Boullis","Illyrikon","Nea Epeiros",20,"653,4","BA 49 B3"
244,"Amantia","Illyrikon","Nea Epeiros",20,"653,5","BA 49 B3"
245,"Poulcheriopolis","Illyrikon","Nea Epeiros",20,"653,6","Unloc"
246,"Aulon","Illyrikon","Nea Epeiros",20,"653,7","BA 49 B3"
247,"Lychnidos","Illyrikon","Nea Epeiros",20,"653,8","BA 49 C2"
248,"Alistron","Illyrikon","Nea Epeiros",20,"654,1a","RE Alistros; Unloc"
249,"Skepton?","Illyrikon","Nea Epeiros",20,"654,1b","Unloc"
250,"Dakia Mesogeios","Illyrikon","Dakia Mesogeios",20,"654,2","BA 102 D3"
251,"Sardike","Illyrikon","Dakia Mesogeios",20,"654,3","BA 21 F7"
252,"Pautalia","Illyrikon","Dakia Mesogeios",20,"654,4","BA 49 E1"
253,"Germai","Illyrikon","Dakia Mesogeios",20,"654,5","BA 49 F1 Germania"
254,"Naissos","Illyrikon","Dakia Mesogeios",20,"654,6","BA 21 D6"
255,"Remesiana","Illyrikon","Dakia Mesogeios",20,"654,7","BA 21 E6"
256,"Parapotamia Dakia","Illyrikon","Parapotamia Dakia",20,"655,1","BA 102 D3"
257,"Ratiaria","Illyrikon","Parapotamia Dakia",20,"655,2","BA 21 E6"
258,"Bononia","Illyrikon","Parapotamia Dakia",20,"655,3","BA 21 E5"
259,"Akyes","Illyrikon","Parapotamia Dakia",20,"655,4","BA 49 E1 Aquae?"
260,"Kastra Martis","Illyrikon","Parapotamia Dakia",20,"655,5","BA 21 E6"
261,"Oiskos","Illyrikon","Parapotamia Dakia",20,"655,6","BA 22 B5"
262,"Dardania","Illyrikon","Dardania",20,"655,7","BA 102 D3"
263,"Skoupoi","Illyrikon","Dardania",20,"655,8","BA 49 D1"
264,"Merion","Illyrikon","Dardania",20,"656,1","RE; Unloc"
265,"Oulpiana","Illyrikon","Dardania",20,"656,2","BA 49 D1"
266,"Praibalis","Illyrikon","Praibalis",20,"656,3","BA 102 C3"
267,"Skodra","Illyrikon","Praibalis",20,"656,4","BA 49 B1"
268,"Lissos","Illyrikon","Praibalis",20,"656,5","BA 49 B2"
269,"Doklea?","Illyrikon","Praibalis",20,"656,6","BA 49 B1"
270,"Mysia I","Illyrikon","Mysia I",21,"657,1","BA 102 D3"
271,"Biminakion","Illyrikon","Mysia I",21,"657,2","BA 21 D5 Viminacium"
272,"Singidounon","Illyrikon","Mysia I",21,"657,3","BA 21 C5"
273,"Gratiana","Illyrikon","Mysia I",21,"657,4","RE 2; Unloc"
274,"Trikornia","Illyrikon","Mysia I",21,"657,5","BA 21 C5"
275,"Horreomargou","Illyrikon","Mysia I",21,"657,6","BA 21 D56 Horreum Margi"
276,"Pannonia","Illyrikon","Pannonia",21,"657,7","BA 102 C2"
277,"Sirmion","Illyrikon","Pannonia",21,"657,8","BA 21 B5"
278,"Bassiana","Illyrikon","Pannonia",21,"657,9","BA 21 B5"
279,"Asiane","Asiane",,21,"658,1a","BA 102 E4"
280,"Asia","Asiane","Asia",21,"658,1b","BA 102 E4"
281,"Ephesos","Asiane","Asia",21,"659,1","BA 61 E2"
282,"Anaia","Asiane","Asia",21,"659,2","BA 61 E2"
283,"Priene","Asiane","Asia",21,"659,3","BA 61 E2"
284,"Magnesia Maiandrou","Asiane","Asia",21,"659,4","BA 61 F2"
285,"Tralleis","Asiane","Asia",21,"659,5","BA 61 F2"
286,"Nysa","Asiane","Asia",21,"659,6","BA 61 G2"
287,"Brioulla","Asiane","Asia",21,"659,7","BA 65 A2"
288,"Mastaura","Asiane","Asia",21,"659,8","BA 61 G2"
289,"Anineta","Asiane","Asia",21,"659,9","BA 61 G2"
290,"Hypaipa","Asiane","Asia",21,"659,10","BA 56  F5"
291,"Arkadioupolis","Asiane","Asia",21,"659,11","BA 56 Unloc"
292,"Dios Hieron","Asiane","Asia",21,"659,12","BA 56 G5"
293,"Augaza","Asiane","Asia",21,"659,13","BA 56 Unloc"
294,"Koloe","Asiane","Asia",21,"660,1a","BA 56 G5"
296,"Algiza","Asiane","Asia",22,"660,2","BA 56 Unloc"
297,"Nikaia","Asiane","Asia",22,"660,3","BA 56 G5"
298,"Palaiapolis","Asiane","Asia",22,"660,4","BA 61 G1"
299,"Baretta","Asiane","Asia",22,"660,5","BA 56 Unloc"
300,"Auliou Kome","Asiane","Asia",22,"660,6","BA 56 Unloc"
301,"Nea Aule","Asiane","Asia",22,"660,7","BA 56 Unloc"
302,"Kolophon","Asiane","Asia",22,"660,8","BA 61 E1"
303,"Metropolis","Asiane","Asia",22,"660,9","BA 56 E5"
304,"Lebedos","Asiane","Asia",22,"660,10","BA 61 D1"
305,"Teos","Asiane","Asia",22,"660,11","BA 56 D5"
306,"Smyrna","Asiane","Asia",22,"660,12","BA 56 E5"
307,"Klazomenai","Asiane","Asia",22,"660,13","BA 56 D5"
308,"Erythrai","Asiane","Asia",22,"660,14","BA 56 C5"
309,"Magnesia Sipylou","Asiane","Asia",22,"660,15","BA 56 E4"
310,"Aigai","Asiane","Asia",22,"660,16","BA 56 E4"
311,"Temnos","Asiane","Asia",22,"661,1","BA 56 E4"
312,"Phokaia","Asiane","Asia",22,"661,2","BA 56 D4"
313,"Kyme","Asiane","Asia",22,"661,3","BA 56 D4"
314,"Myrina","Asiane","Asia",22,"661,4","BA 56 D4"
315,"Pergamon","Asiane","Asia",22,"661,5","BA 56 E3"
316,"Elaia","Asiane","Asia",22,"661,6","BA 56 E4"
317,"Pitane","Asiane","Asia",22,"661,7","BA 56 D4"
318,"Tiarai","Asiane","Asia",22,"661,8","BA 56 E3"
319,"Theodosioupolis","Asiane","Asia",22,"661,9","BA 56 D3"
320,"Adramyttion","Asiane","Asia",22,"661,10","BA 56 D2"
321,"Antandros","Asiane","Asia",22,"661,11","BA 56 D2"
322,"Gargara","Asiane","Asia",22,"661,12","BA 56 D2"
323,"Assos","Asiane","Asia",22,"661,13","BA 56 C3"
324,"Hellespontos","Asiane","Hellespontos",23,"661,14","BA 102 E4"
325,"Kyzikos","Asiane","Hellespontos",23,"661,15","BA 52 B4"
326,"Prokonnesos","Asiane","Hellespontos",23,"662,1","BA 52 B3 (The next line 662,2 is blank)"
327,"Baris","Asiane","Hellespontos",23,"662,3","BA 52 B4"
328,"Parion","Asiane","Hellespontos",23,"662,4","BA 52 A4"
329,"Lampsakos","Asiane","Hellespontos",23,"662,5","BA 51 H4"
330,"Abydos","Asiane","Hellespontos",23,"662,6","BA 51 G4"
331,"Dardanos","Asiane","Hellespontos",23,"662,7","BA 51 G4"
332,"Ilion","Asiane","Hellespontos",23,"662,8","BA 56 C2"
333,"Troas","Asiane","Hellespontos",23,"662,9","BA 56 C2"
334,"Skamandros","Asiane","Hellespontos",23,"662,10","BA 56 C2"
335,"Polichna","Asiane","Hellespontos",23,"662,11","BA 56 Unloc"
336,"Poimanenos","Asiane","Hellespontos",23,"662,12","BA 52 B4"
337,"Artemea","Asiane","Hellespontos",23,"662,13","RE; Unloc"
338,"Rekita?","Asiane","Hellespontos",23,"662,14","BA 56 Unloc"
339,"Blaudos","Asiane","Hellespontos",23,"662,15","BA 56 Unloc"
340,"Skelenta","Asiane","Hellespontos",23,"662,16","RE; Unloc"
341,"Miletoupolis","Asiane","Hellespontos",23,"663,1","BA 52 C4"
342,"Germe","Asiane","Hellespontos",23,"663,2","BA 56 F3 (Hiera) Germe"
343,"Attaos","Asiane","Hellespontos",24,"663,3","Unloc"
344,"Kerge","Asiane","Hellespontos",24,"663,4","BA 56 D2 Gergis"
345,"Sagara","Asiane","Hellespontos",24,"663,5","BA 56 Unloc"
346,"Adrianoutherai","Asiane","Hellespontos",24,"663,6-7","BA 56 F2"
347,"Pionia","Asiane","Hellespontos",24,"663,8","BA 56 F2"
348,"Konision","Asiane","Hellespontos",24,"663,9","BA 56 Unloc"
349,"Argiza","Asiane","Hellespontos",24,"663,10","BA 56 E2"
350,"Hamaxitos Troados?","Asiane","Hellespontos",24,"663,11","BA 56 C2"
351,"Mandakanda","Asiane","Hellespontos",24,"663,12","BA 56 Unloc"
352,"Ergasteria","Asiane","Hellespontos",24,"663,13","BA 56 F2"
353,"Mandrai","Asiane","Hellespontos",24,"664,1","BA 56 Unloc"
354,"Hippoi","Asiane","Hellespontos",24,"664,2","BA 56 Unloc"
355,"Oke Sider-ou/-a?","Asiane","Hellespontos",24,"664,3-4","Unloc"
356,"Skepsis","Asiane","Hellespontos",24,"664,5","BA 56 D2"
357,"Phrygia Pakatiane","Asiane","Phrygia Pakatiane",24,"664,5","BA 102 E4"
358,"Laodikeia","Asiane","Phrygia Pakatiane",24,"665,1","BA 65 B2"
359,"Hierapolis","Asiane","Phrygia Pakatiane",24,"665,2","BA 65 B2"
360,"Mossyna","Asiane","Phrygia Pakatiane",24,"665,3","BA 62 B5"
361,"Attouda","Asiane","Phrygia Pakatiane",24,"665,4","BA 65 A2"
362,"Trapezoupolis","Asiane","Phrygia Pakatiane",24,"665,5","BA 65 A2"
363,"Kolossai","Asiane","Phrygia Pakatiane",24,"666,1","BA 65 B2"
364,"Keretapa","Asiane","Phrygia Pakatiane",24,"666,2","BA 65 C2"
365,"Themisonion","Asiane","Phrygia Pakatiane",24,"666,3","BA 65 Unloc"
366,"Oualentia","Asiane","Phrygia Pakatiane",24,"666,4","BA 65 Unloc"
367,"Sanaos","Asiane","Phrygia Pakatiane",24,"666,5","BA 65 C2"
368,"Konioupolis","Asiane","Phrygia Pakatiane",24,"666,6","TIB Phrygien 312; Unloc"
369,"Titoupolis?","Asiane","Phrygia Pakatiane",24,"666,7","TIB Phrygien 384 Situpolis; Unloc"
370,"Krassos","Asiane","Phrygia Pakatiane",25,"667,1","TIB Phrygien 403; Unloc"
371,"Lounda","Asiane","Phrygia Pakatiane",25,"667,2","BA 65 B1"
372,"Peltai","Asiane","Phrygia Pakatiane",25,"667,3","TIB Phrygien 357; Unloc"
373,"Eumeneia","Asiane","Phrygia Pakatiane",25,"667,4","BA 62 C5"
374,"Siblia","Asiane","Phrygia Pakatiane",25,"667,5","BA 62 Unloc"
375,"Pepouza","Asiane","Phrygia Pakatiane",25,"667,6","BA 62 Unloc"
376,"Bria","Asiane","Phrygia Pakatiane",25,"667,7","BA 62 Unloc"
377,"Sebaste","Asiane","Phrygia Pakatiane",25,"667,8","BA 62 C5"
378,"Ilouza","Asiane","Phrygia Pakatiane",25,"667,9","BA 62 Unloc"
379,"Akmonia","Asiane","Phrygia Pakatiane",25,"667,10","BA 62 C4"
380,"Alinoi","Asiane","Phrygia Pakatiane",25,"668,1","Unloc"
381,"Sioucharax","Asiane","Phrygia Pakatiane",25,"668,2","BA 62 Unloc"
382,"Diokleia","Asiane","Phrygia Pakatiane",25,"668,3","BA 62 C4"
383,"Aristion","Asiane","Phrygia Pakatiane",25,"668,4","BA 62 Unloc"
384,"Kidyessos","Asiane","Phrygia Pakatiane",25,"668,5","BA 62 D4"
385,"Appia","Asiane","Phrygia Pakatiane",25,"668,6","BA 62 C3"
386,"Eudokias","Asiane","Phrygia Pakatiane",25,"668,7","BA 62 Unloc"
387,"Aizanoi","Asiane","Phrygia Pakatiane",25,"668,8","BA 62 C3"
388,"Tiberioupolis","Asiane","Phrygia Pakatiane",25,"668,9","BA 62 B3"
389,"Kadoi","Asiane","Phrygia Pakatiane",25,"668,10","BA 62 B3"
390,"Theodosiana","Asiane","Phrygia Pakatiane",25,"668,11","BA 62 Unloc"
391,"Ankyra","Asiane","Phrygia Pakatiane",25,"668,12","BA 62 A3"
392,"Synaos","Asiane","Phrygia Pakatiane",25,"668,13","BA 62 A3"
393,"Temenou Thyrai","Asiane","Phrygia Pakatiane",25,"668,14","BA 62 B4"
394,"Traianoupolis","Asiane","Phrygia Pakatiane",25,"668,15","BA 62 C4"
395,"Poulcheriopolis","Asiane","Phrygia Pakatiane",25,"668,16","BA 62 Unloc"
396,"Lydia","Asiane","Lydia",25,"669,1","BA 102 E4"
397,"Sardeis","Asiane","Lydia",25,"669,2","BA 56 G5"
398,"Philadelpheia","Asiane","Lydia",25,"669,3","BA 56 H5"
399,"Tripolis","Asiane","Lydia",25,"669,4","BA 65 A1"
400,"Thyateira","Asiane","Lydia",26,"669,5","BA 56 F4"
401,"Settai","Asiane","Lydia",26,"669,6","BA 62 A4 Saittai"
402,"Maionia","Asiane","Lydia",26,"670,1","BA 56 G4"
403,"Ioulianoupolis","Asiane","Lydia",26,"670,2","Unloc"
404,"Tralla","Asiane","Lydia",26,"670,3","BA 62 Tralleis; Unloc"
405,"Aurelioupolis","Asiane","Lydia",26,"670,4","BA 56 F4"
406,"Attaleia","Asiane","Lydia",26,"670,5","BA 56 F3"
407,"Hermokapelia","Asiane","Lydia",26,"670,6","BA 56 F4"
408,"Akrasos","Asiane","Lydia",26,"670,7","BA 56 Unloc"
409,"Apollonos Hieron","Asiane","Lydia",26,"670,8","BA 62 Unloc"
410,"Tabala","Asiane","Lydia",26,"670,9","BA 62 A4"
411,"Bageis","Asiane","Lydia",26,"671,1","BA 62 B4"
412,"Kerassai","Asiane","Lydia",26,"671,2","BA 56 Unloc"
413,"Mysotimolos","Asiane","Lydia",26,"671,3","RE; Unloc"
414,"Apollonis","Asiane","Lydia",26,"671,4","BA 56 F4"
415,"Hierokaisareia","Asiane","Lydia",26,"671,5","BA 56 F4"
416,"Mostene","Asiane","Lydia",26,"671,6","BA 56 F5"
417,"Satala","Asiane","Lydia",26,"671,7","BA 56 G4"
418,"Gordos","Asiane","Lydia",26,"671,8","BA 56 G4 Iulia Gordos"
419,"Pisidia","Asiane","Pisidia",26,"672,1","BA 102 F4"
420,"Antiocheia","Asiane","Pisidia",26,"672,2","BA 62 F5"
421,"Neapolis","Asiane","Pisidia",26,"672,3","BA 65 F2"
422,"Limenai","Asiane","Pisidia",26,"672,4","BA 65 Unloc"
423,"Sabinai","Asiane","Pisidia",26,"672,5","RE; Unloc"
424,"Atenia","Asiane","Pisidia",26,"672,6","TIB Phrygien 195 Atmenia; Unloc"
425,"Pappa","Asiane","Pisidia",26,"672,7","BA 65 G2"
426,"Siniandos","Asiane","Pisidia",26,"672,8","BA 65 Unloc"
427,"Laodikeia Kekaumene","Asiane","Pisidia",26,"672,9","BA 63 A4"
428,"Tyraion","Asiane","Pisidia",26,"672,10","BA 62 G5"
429,"Adrianoupolis","Asiane","Pisidia",27,"672,11","BA 62 G5"
430,"Philomelion","Asiane","Pisidia",27,"672,12","BA 62 F5"
431,"Sozopolis","Asiane","Pisidia",27,"673,1","BA 65 D1"
432,"Tymandos","Asiane","Pisidia",27,"673,2","BA 62 E5"
433,"Metropolis","Asiane","Pisidia",27,"673,3","BA 62 E5"
434,"Apameia","Asiane","Pisidia",27,"673,4","BA 65 D1"
435,"Eudoxiopolis","Asiane","Pisidia",27,"673,5","BA  65 Unloc"
436,"Sagalassos","Asiane","Pisidia",27,"673,6","BA 65 E2"
437,"Baris","Asiane","Pisidia",27,"673,7","BA 65 D2"
438,"Seleukeia He Sidera","Asiane","Pisidia",27,"673,8","BA 65 E2"
439,"Timbriada","Asiane","Pisidia",27,"673,9","BA 65 F2      The next line 674, 1 is blank"
440,"Ioustinianoupolis","Asiane","Pisidia",27,"674,2","BA 65 E2"
441,"Malos","Asiane","Pisidia",27,"674,3","BA 65 F2"
442,"Adada","Asiane","Pisidia",27,"674,4","BA 65 E2"
443,"Zorzela","Asiane","Pisidia",27,"674,5","BA 65 Dyrzela; Unloc"
444,"Tityassos","Asiane","Pisidia",27,"674,6","BA 65 F2"
445,"Lykaonia","Asiane","Lykaonia",27,"674,7","BA 102 F4"
446,"Ikonion","Asiane","Lykaonia",27,"675,1","BA 66 B1"
447,"Lystra","Asiane","Lykaonia",27,"675,2","BA 66 A1"
448,"Mistheia","Asiane","Lykaonia",27,"675,3","BA 65 G2"
449,"Amblada","Asiane","Lykaonia",27,"675,4","BA 65 G2"
450,"Ouasada","Asiane","Lykaonia",27,"675,5","BA 65 G2"
451,"Homanada","Asiane","Lykaonia",27,"675,6","Unloc; cf. BA 65 G3 Homonadeis"
452,"Ilistra","Asiane","Lykaonia",27,"675,7","BA 66 C2"
453,"Laranda","Asiane","Lykaonia",27,"675,8","BA 66 C2"
454,"Derbe","Asiane","Lykaonia",27,"675,9","BA 66 C2"
455,"Barata","Asiane","Lykaonia",27,"675,10","BA 66 C1"
456,"Hyde","Asiane","Lykaonia",27,"675,11","BA 66 D2"
457,"Isauropolis","Asiane","Lykaonia",27,"675,12","BA 66 A2 Isaura Vetus"
458,"Korna","Asiane","Lykaonia",27,"676,1","BA 66 A1"
459,"Sabatra","Asiane","Lykaonia",27,"676,2","BA 66 C1 Soatra"
460,"Perta","Asiane","Lykaonia",27,"676,3","BA 63 C4"
461,"Kana","Asiane","Lykaonia",28,"676,4","BA 66 C1"
462,"Gdanmaa","Asiane","Lykaonia",28,"676,5","TIB Galatien 166"
463,"Reginon","Asiane","Lykaonia",28,"676,6","TIB Galatien 219; Unloc"
464,"Phrygia Saloutaria","Asiane","Phrygia Saloutaria",28,"676,7","BA 102 F4"
465,"Eukarpia","Asiane","Phrygia Saloutaria",28,"676,8","BA 62 D5"
466,"Hierapolis","Asiane","Phrygia Saloutaria",28,"676,9","BA 62 D5"
467,"Otrous","Asiane","Phrygia Saloutaria",28,"676,10","BA 62 C5"
468,"Stektorion","Asiane","Phrygia Saloutaria",28,"677,1","BA 62 D5"
469,"Brouzos","Asiane","Phrygia Saloutaria",28,"677,2","BA 62 D4"
470,"Kleros Oreines","Asiane","Phrygia Saloutaria",28,"677,3","BA 62 Unloc"
471,"Kleros Politikes","Asiane","Phrygia Saloutaria",28,"677,4","BA 62 C4"
472,"Debalikia","Asiane","Phrygia Saloutaria",28,"677,5","BA 62 Unloc"
473,"Lysias","Asiane","Phrygia Saloutaria",28,"677,6","BA 62 Unloc"
474,"Synnada","Asiane","Phrygia Saloutaria",28,"677,7","BA 62 E4"
475,"Prymnessos","Asiane","Phrygia Saloutaria",28,"677,8","BA 62 E4"
476,"Ipsos","Asiane","Phrygia Saloutaria",28,"677,9","BA 62 E4"
477,"Polybotos","Asiane","Phrygia Saloutaria",28,"677,10","BA 62 F4"
478,"Dokimion","Asiane","Phrygia Saloutaria",28,"677,11","BA 62 E4"
479,"Metropolis","Asiane","Phrygia Saloutaria",28,"677,12","BA 62 E3"
480,"Meiros","Asiane","Phrygia Saloutaria",28,"677,13","BA 62 D3"
481,"Nakoleia","Asiane","Phrygia Saloutaria",28,"678,1","BA 62 E3"
482,"Dorylaion","Asiane","Phrygia Saloutaria",29,"678,2","BA 62 E2"
483,"Midaion","Asiane","Phrygia Saloutaria",29,"678,3","BA 62 E2"
484,"Demos Lykaonon","Asiane","Phrygia Saloutaria",29,"678,4","BA 62 Lykaones; Unloc"
485,"Demos Aurokla","Asiane","Phrygia Saloutaria",29,"678,5","BA 62 F4 Aurokra"
486,"Demos Amadassou","Asiane","Phrygia Saloutaria",29,"678,6","BA 62 Amadasse?; Unloc"
487,"Demos Praipenissos","Asiane","Phrygia Saloutaria",29,"678,7","BA 62 Praipenissos; Unloc"
488,"Pamphylia","Asiane","Pamphylia",29,"679,1","BA 102 F4"
489,"Perge","Asiane","Pamphylia",29,"679,2","BA 65 E4"
490,"Sillyon","Asiane","Pamphylia",29,"679,3","BA 65 E4"
491,"Magydos","Asiane","Pamphylia",29,"679,4","BA 65 E4"
492,"Attaleia","Asiane","Pamphylia",29,"679,5","BA 65 E4"
493,"Demos Olbianos","Asiane","Pamphylia",29,"679,6","BA 65 E4 Olbia"
494,"Trebenna","Asiane","Pamphylia",29,"679,7","BA 65 D4"
495,"Demos Onobara?","Asiane","Pamphylia",29,"679,8","BA 65 E4 *Ononbara"
496,"Iobia","Asiane","Pamphylia",29,"680,1","BA TIB Lykien 570, 744"
497,"Termessos","Asiane","Pamphylia",29,"680,2a","BA 65 D4"
498,"Eudokias","Asiane","Pamphylia",29,"680,2b","BA 65 E4"
499,"Demos Menedemiou","Asiane","Pamphylia",29,"680,3","TIB Lykien 730"
500,"Demos Pogla","Asiane","Pamphylia",29,"680,4","BA 65 D3 Pogla"
501,"Isinda","Asiane","Pamphylia",29,"680,5","BA 65 D3"
502,"Berbe","Asiane","Pamphylia",29,"680,6","BA 65 D3 *Ouerbe; TIB Lykien 483"
503,"Sibidounda","Asiane","Pamphylia",29,"680,7","BA 65 D3"
504,"Myodia","Asiane","Pamphylia",29,"680,8","TIB Lykia 740; Unloc"
505,"Choria Milyadika","Asiane","Pamphylia",29,"680,9","BA 65 D3"
506,"Olbasa","Asiane","Pamphylia",29,"680,10","BA 65 C3"
507,"Palaipolis","Asiane","Pamphylia",29,"680,11","TIB Lykien 772"
508,"Lysinia","Asiane","Pamphylia",29,"680,12","BA 65 D2"
509,"Komama","Asiane","Pamphylia",30,"680,13","BA 65 D3"
510,"Kolbasa","Asiane","Pamphylia",30,"681,1","BA 65 D3"
511,"Kremna","Asiane","Pamphylia",30,"681,2","BA 65 E2"
512,"Panemou Teichos","Asiane","Pamphylia",30,"681,3","BA 65 E3"
513,"Ariassos","Asiane","Pamphylia",30,"681,4","BA 65 D3"
514,"Maximianoupolis","Asiane","Pamphylia",30,"681,5","TIB Lykien 719"
515,"Ktema Maximianoupoleos","Asiane","Pamphylia",30,"681,6","TIB Lykien 720; Unloc"
516,"Regeon Salamara","Asiane","Pamphylia",30,"681,7","TIB Lykien 829; Unloc"
517,"Demos Obramoa?","Asiane","Pamphylia",30,"681,8","TIB Lykien 749; Unloc"
518,"Kodroula","Asiane","Pamphylia",30,"681,9","BA 65 D3"
519,"Demos Osia","Asiane","Pamphylia",30,"681,10","BA 65 E3 Sia; TIB Lykien 843 Sia"
520,"Demos Sabaon","Asiane","Pamphylia",30,"681,11","TIB Lykien 828 ; Unloc"
521,"Pednelissos?","Asiane","Pamphylia",30,"681,12","BA 65 E3"
522,"Selge","Asiane","Pamphylia",30,"681,13","BA 65 F3"
523,"Primoupolis","Asiane","Pamphylia",30,"682,1","BA 65 F4"
524,"Side","Asiane","Pamphylia",30,"682,2","BA 65 F4"
525,"Senna","Asiane","Pamphylia",30,"682,3","BA 65 G4 Sennea?; TIB Lykien 839 Sennea"
526,"Lyrbe","Asiane","Pamphylia",30,"682,4","BA 65 F4"
527,"Kasai","Asiane","Pamphylia",30,"682,5","BA 65 G4"
528,"Kotena","Asiane","Pamphylia",30,"682,6","BA 65 G3"
529,"Orymna","Asiane","Pamphylia",30,"682,7","BA 65 G3 Erymna"
530,"Korakesion","Asiane","Pamphylia",30,"682,8","BA 65 G4"
531,"Syedra","Asiane","Pamphylia",30,"682,9","BA 66 A4"
532,"Karaleia","Asiane","Pamphylia",30,"682,10","BA 65 G4"
533,"Kolybrassos","Asiane","Pamphylia",30,"682,11","BA 65 G4"
534,"Lykia","Asiane","Lykia",31,"682,12","BA 102 E4"
535,"Phaselis","Asiane","Lykia",31,"683,1","BA 65 E4"
536,"Olympos","Asiane","Lykia",31,"683,2","BA 65 D5"
537,"Gagai","Asiane","Lykia",31,"683,3","BA 65 D5"
538,"Korydalla","Asiane","Lykia",31,"683,3a","BA 65 D5"
539,"Akalessos","Asiane","Lykia",31,"683,4","BA 65 D4"
540,"Edebessos","Asiane","Lykia",31,"683,5","BA 65 D4 Idebessos"
541,"Limyra","Asiane","Lykia",31,"683,6","BA 65 D5"
542,"Arykanda","Asiane","Lykia",31,"683,7","BA 65 D4"
543,"Podaleia","Asiane","Lykia",31,"683,8","BA 65 D4"
544,"Choma","Asiane","Lykia",31,"683,9","BA 65 C4"
545,"Regeon Milyas","Asiane","Lykia",31,"684,1","BA 65 C4 Milyas"
546,"Myra","Asiane","Lykia",31,"684,2","BA 65 C5"
547,"Arneai","Asiane","Lykia",31,"684,3","BA 65 C5"
548,"Kyaneai","Asiane","Lykia",31,"684,4","BA 65 C5"
549,"Aperlai","Asiane","Lykia",31,"684,5","BA 65 C5"
550,"Phellos","Asiane","Lykia",31,"684,6","BA 65 C5"
551,"Antiphellos","Asiane","Lykia",31,"684,7","BA 65 C5"
552,"Kandyba","Asiane","Lykia",31,"684,8","BA 65 C5"
553,"Eudokias","Asiane","Lykia",31,"684,9","BA 65 Unloc Pyrrha; TIB Lykien 533"
554,"Patara","Asiane","Lykia",31,"684,10","BA 65 B5"
555,"Xanthos","Asiane","Lykia",31,"684,11","BA 65 B5"
556,"Komba","Asiane","Lykia",31,"684,12","BA 65 C4"
557,"Neisa","Asiane","Lykia",31,"684,13","BA 65 C5"
558,"Pinara","Asiane","Lykia",31,"684,14","BA 65 B5"
559,"Sidyma","Asiane","Lykia",31,"684,15","BA 65 B5"
560,"Tlos","Asiane","Lykia",31,"684,16","BA 65 B4"
561,"Telmessos","Asiane","Lykia",31,"684,17","BA 65 B4"
562,"Kaunos","Asiane","Lykia",31,"685,1","BA 65 A4"
563,"Araxa","Asiane","Lykia",31,"685,2","BA 65 B4"
564,"Boubon","Asiane","Lykia",31,"685,3","BA 65 B4"
565,"Oinoanda","Asiane","Lykia",31,"685,4","BA 65 C4"
566,"Balboura","Asiane","Lykia",31,"685,5","BA 65 C4"
567,"Kome Mastaura","Asiane","Lykia",32,"685,6","TIB Lykien 716"
568,"Nesoi","Asiane","Nesoi",32,"685,7","BA 102  E4"
569,"Rodos","Asiane","Nesoi",32,"686,1","BA 60 G3"
570,"Kos","Asiane","Nesoi",32,"686,2","BA 61 E4"
571,"Samos","Asiane","Nesoi",32,"686,3","BA 61 D2"
572,"Chios","Asiane","Nesoi",32,"686,4","BA 56 C5"
573,"Mytilene","Asiane","Nesoi",32,"686,5","BA 56 D3"
574,"Methymna","Asiane","Nesoi",32,"686,6","BA 56 C3"
575,"Petalon?","Asiane","Nesoi",32,"686,7","Unloc (copyist's slip ?); TIB Aigaion Pelagos 73 n. 18"
576,"Tenedos","Asiane","Nesoi",32,"686,8","BA 56 C2"
577,"Poroselene","Asiane","Nesoi",32,"686,9","BA 56 D3"
578,"Andros","Asiane","Nesoi",32,"686,10","BA 60 A4"
579,"Tenos","Asiane","Nesoi",32,"686,11","BA 60 B4"
580,"Naxos","Asiane","Nesoi",32,"686,12","BA 61 A3"
581,"Paros","Asiane","Nesoi",32,"686,13","BA 61 A3"
582,"Siphnos","Asiane","Nesoi",32,"687,1","BA 60 C5"
583,"Melos","Asiane","Nesoi",32,"687,2","BA 58 G4"
584,"Ios","Asiane","Nesoi",32,"687,3","BA 61 A4"
585,"Thera","Asiane","Nesoi",32,"687,4","BA 61 A5"
586,"Amorgos","Asiane","Nesoi",32,"687,5","BA 61 B4"
587,"Astypalaia","Asiane","Nesoi",32,"687,6","BA 61 C4"
588,"Karia","Asiane","Karia",32,"687,7","BA 102 E4"
589,"Miletos","Asiane","Karia",32,"687,8","BA 61 E2"
590,"Herakleia Latmou","Asiane","Karia",32,"687,9","BA 61 F2"
591,"Halikarnassos","Asiane","Karia",32,"687,10","BA 61 E3"
592,"Myndos","Asiane","Karia",32,"687,11","BA 61 E3"
593,"Knidos","Asiane","Karia",32,"687,12","BA 61 E4"
594,"Keramos","Asiane","Karia",33,"687,13","BA 61 F3"
595,"Mylasa","Asiane","Karia",33,"687,14","BA 61 F3"
596,"Stratonikeia","Asiane","Karia",33,"688,1","BA 61 G3"
597,"Amyzon","Asiane","Karia",33,"688,2","BA 61 F2"
598,"Alinda","Asiane","Karia",33,"688,3","BA 61 F2"
599,"Alabanda","Asiane","Karia",33,"688,4","BA 61 F2"
600,"Orthosia","Asiane","Karia",33,"688,5","BA 61 G2"
601,"Harpasa","Asiane","Karia",33,"688,6","BA 61 G2"
602,"Neapolis","Asiane","Karia",33,"688,7","BA 61 G2"
603,"Hyllarima","Asiane","Karia",33,"688,8","BA 61 G2"
604,"Antiocheia","Asiane","Karia",33,"688,9","BA 65 A2"
605,"Aphrodisias","Asiane","Karia",33,"688,10","BA 65 A2"
606,"Herakleia Salbakes","Asiane","Karia",33,"688,11","BA 65 A2"
607,"Tabai","Asiane","Karia",33,"689,1","BA 65 A3"
608,"Apollonias","Asiane","Karia",33,"689,2","BA 65 B2 Apollonia Salbakes"
609,"Sebastopolis","Asiane","Karia",33,"689,3","BA 65 B3"
610,"Iasos","Asiane","Karia",33,"689,4","BA 61 F3"
611,"Eriza","Asiane","Karia",33,"689,5","BA 65 Unloc"
612,"Markianoupolis","Asiane","Karia",33,"689,6","Robert, La Carie II, 338 n. 4; Unloc"
613,"Anastasioupolis","Asiane","Karia",33,"689,7","Hild, Meilensteine 29"
614,"Choria Patrimonialia","Asiane","Karia",33,"689,8","Hild, Meilensteine 9; Unloc"
615,"Kibyra","Asiane","Karia",33,"690,1","BA 65 B3"
616,"Komai Ktematikai?","Asiane","Karia",33,"690,2","Hild, Meilensteine 9; Unloc"
617,"Pontike","Pontike",,33,"690,3a","BA 102 F3"
618,"Bithynia","Pontike","Bithynia",33,"690,3b","BA 102 E3"
619,"Chalkedon","Pontike","Bithynia",33,"690,4","BA 52 E3"
620,"Helenopolis","Pontike","Bithynia",33,"691,1","BA 52 F3"
621,"Prainetos","Pontike","Bithynia",33,"691,2","BA 52 F3"
622,"Nikomedeia","Pontike","Bithynia",33,"691,3","BA 52 F3"
623,"Nikaia","Pontike","Bithynia",33,"692,1","BA 52 F4"
624,"Basilinopolis","Pontike","Bithynia",33,"692,2","BA 52 F3"
625,"Kios","Pontike","Bithynia",33,"692,3","BA 52 E4"
626,"Apameia","Pontike","Bithynia",33,"692,4","BA 52 D4"
627,"Prousa","Pontike","Bithynia",34,"692,5","BA 52 E4"
628,"Kaisareia","Pontike","Bithynia",34,"693,1","BA 52 D4"
629,"Apollonia","Pontike","Bithynia",34,"693,2","BA 52 D4"
630,"Daskylion","Pontike","Bithynia",34,"693,3","BA 52 D4"
631,"Neokaisareia","Pontike","Bithynia",34,"693,4","BA 62 Unloc"
632,"Adrianoi","Pontike","Bithynia",34,"693,5","BA 62 A2"
633,"Regeon Tataion","Pontike","Bithynia",34,"694,1","BA 52 G4 Tattaios"
634,"Regeon Doris","Pontike","Bithynia",34,"694,2","BA 86 A3"
635,"Honorias","Pontike","Honorias",34,"694,3","BA 102 F3"
636,"Klaudioupolis","Pontike","Honorias",34,"694,4","BA 86 B3"
637,"Prousias","Pontike","Honorias",34,"694,5","BA 86 B3"
638,"Herakleia","Pontike","Honorias",34,"694,6","BA 86 B2"
639,"Tios","Pontike","Honorias",34,"695,1","BA 86 C2"
640,"Krateia","Pontike","Honorias",34,"695,2","BA 86 C3"
641,"Adrianoupolis","Pontike","Honorias",34,"695,3","BA 86 C3"
642,"Paphlagonia","Pontike","Paphlagonia",34,"695,4","BA 102 F3"
643,"Gangra","Pontike","Paphlagonia",34,"695,5","BA 86 D3"
644,"Pompeioupolis","Pontike","Paphlagonia",34,"695,6","BA 86 E2"
645,"Sora","Pontike","Paphlagonia",34,"695,7","BA 86 C2"
646,"Amastris","Pontike","Paphlagonia",34,"696,1","BA 86 C2"
647,"Ionopolis","Pontike","Paphlagonia",34,"696,2","BA 86 D2"
648,"Dadybra","Pontike","Paphlagonia",34,"696,3","BA 86 B2"
649,"Galatia I","Pontike","Galatia I",34,"696,4","BA 102 F3"
650,"Ankyra","Pontike","Galatia I",34,"696,5","BA 63 B1"
651,"Tabia","Pontike","Galatia I",34,"696,6","BA 63 F1"
652,"Aspona","Pontike","Galatia I",34,"696,7","BA 63 C2"
653,"Kinna","Pontike","Galatia I",35,"696,8","BA 63 C2"
654,"Regeon Lagania","Pontike","Galatia I",35,"696,9","BA 62 H2"
655,"Regeon Mnizos","Pontike","Galatia I",35,"697,1","BA 86 C3"
656,"Ioulioupolis","Pontike","Galatia I",35,"697,2","BA 86 B3"
657,"Galatia Saloutaria","Pontike","Galatia Saloutaria",35,"697,3","BA 102 F4"
658,"Pessinous","Pontike","Galatia Saloutaria",35,"697,4","BA 62 G3"
659,"Regeon Myrikion?","Pontike","Galatia Saloutaria",35,"697,5","BA 63 A2"
660,"Pitinissos","Pontike","Galatia Saloutaria",35,"697,6","BA 63 Petenissos; Unloc"
661,"Amorion","Pontike","Galatia Saloutaria",35,"697,7","BA 62 F3"
662,"Klaneos","Pontike","Galatia Saloutaria",35,"697,8","BA 62 G4"
663,"Regeon Troknadon","Pontike","Galatia Saloutaria",35,"698,1","BA 62 F2"
664,"Eudoxias","Pontike","Galatia Saloutaria",35,"698,2","BA 62 G3"
665,"Myrikion","Pontike","Galatia Saloutaria",35,"698,3","Duplicates Regeon Myrikion at 697,5; TIB Galatien 208"
666,"Germia","Pontike","Galatia Saloutaria",35,"698,4","BA 62 G3"
667,"Kappadokia I","Pontike","Kappadokia I",35,"698,5","BA 102 F4"
668,"Kaisareia","Pontike","Kappadokia I",35,"698,6","BA 64 A3"
669,"Nyssa","Pontike","Kappadokia I",35,"699,1","BA 63 D3"
670,"Therma","Pontike","Kappadokia I",36,"699,2","BA 63 G2 Basilika Therma"
671,"Regeon Podandos","Pontike","Kappadokia I",36,"699,3","BA 66 F2"
672,"Kappadokia II","Pontike","Kappadokia II",36,"700,1","BA 102 F4"
673,"Tyana","Pontike","Kappadokia II",36,"700,2","BA 66 F1"
674,"Phaustinopolis","Pontike","Kappadokia II",36,"700,3","BA 66 F1"
675,"Kybistra","Pontike","Kappadokia II",36,"700,4","BA 66 E1"
676,"Nazianzos","Pontike","Kappadokia II",36,"700,5","BA 63 E4"
677,"Sasima","Pontike","Kappadokia II",36,"700,6","BA 63 F4"
678,"Parnassos","Pontike","Kappadokia II",36,"700,7","BA 63 D2"
679,"Regeon Doara","Pontike","Kappadokia II",36,"700,8","BA 63 E4"
680,"Regeon Moukissos","Pontike","Kappadokia II",36,"701,1","BA 63 E4 Mokissos"
681,"Helenopontos","Pontike","Kappadokia II",37,"701,2","BA 102 G3"
682,"Amaseia","Pontike","Kappadokia II",37,"701,3","BA 87 A4"
683,"Ibora","Pontike","Kappadokia II",37,"701,4","BA 87 B4"
684,"Zela","Pontike","Kappadokia II",37,"701,5","BA 87 A4"
685,"Salton Zalichion","Pontike","Kappadokia II",37,"701,6","BA 87 A3"
686,"Andrapa","Pontike","Kappadokia II",37,"701,7","BA 87 A3"
687,"Amisos","Pontike","Kappadokia II",37,"702,1","BA 87 B3"
688,"Sinope","Pontike","Kappadokia II",37,"702,2","BA 87 A2"
689,"Pontos Polemoniakos       37","Pontike","Pontos Polemoniakos       37",,"702,3","BA 102 G3"
690,"Neokaisareia","Pontike","Pontos Polemoniakos       37",37,"702,4","BA 87 B4"
691,"Komana","Pontike","Pontos Polemoniakos       37",37,"702,5","BA 87 B4"
692,"Polemonion","Pontike","Pontos Polemoniakos       37",37,"702,6","BA 87 C3"
693,"Kerasous","Pontike","Pontos Polemoniakos       37",37,"702,7","BA 87 D4"
694,"Trapezous","Pontike","Pontos Polemoniakos       37",37,"702,8","BA 87 E4"
695,"Armenia I","Pontike","Armenia I",37,"702,9","BA 102 G4"
696,"Sebasteia","Pontike","Armenia I",37,"703,1","BA 64 E1"
697,"Nikopolis","Pontike","Armenia I",37,"703,2","BA 87 D4"
698,"Koloneia","Pontike","Armenia I",37,"703,3","BA 87 D4"
699,"Satala","Pontike","Armenia I",37,"703,4","BA 89 B1"
700,"Sebastoupolis","Pontike","Armenia I",37,"703,5","BA 64 C1"
701,"Armenia II","Pontike","Armenia II",37,"703,6","BA 102 G4"
702,"Melitene","Pontike","Armenia II",37,"703,7","BA 64 G4"
703,"Arka","Pontike","Armenia II",37,"703,8","BA 64 F4"
704,"Arabissos","Pontike","Armenia II",37,"703,9","BA 64 D4"
705,"Koukousos","Pontike","Armenia II",37,"703,10","BA 64 C4"
706,"Komana","Pontike","Armenia II",37,"703,11","BA 64 C4"
707,"Ariaratheia","Pontike","Armenia II",37,"703,12","BA 64 C3"
708,"Anatolike","Anatolike",,37,"704,1a","BA 102 F5"
709,"Kilikia I","Anatolike","Kilikia I",37,"704,1b","BA 102 F4"
710,"Tarsos","Anatolike","Kilikia I",37,"704,2","BA 66 F3"
711,"Pompeioupolis","Anatolike","Kilikia I",37,"704,3","BA 66 F3"
712,"Sebaste","Anatolike","Kilikia I",37,"704,4","BA 66 E4"
713,"Korykos","Anatolike","Kilikia I",37,"704,5","BA 66 E4"
714,"Adana","Anatolike","Kilikia I",37,"704,6","BA 66 G3"
715,"Augousta","Anatolike","Kilikia I",37,"704,7","BA 66 G2"
716,"Mallos","Anatolike","Kilikia I",37,"704,8","BA 66 G3"
717,"Zephyrion","Anatolike","Kilikia I",37,"704,9","BA 66 F3"
718,"Kilikia II","Anatolike","Kilikia II",38,"705,1","BA 102 G4"
719,"Anazarbos","Anatolike","Kilikia II",38,"705,2","BA 67 B2"
720,"Mopsouestia","Anatolike","Kilikia II",38,"705,3","BA 67 B3"
721,"Aigeai","Anatolike","Kilikia II",38,"705,4","BA 67 B3"
722,"Epiphaneia","Anatolike","Kilikia II",38,"705,5","BA 67 C3"
723,"Alexandreia","Anatolike","Kilikia II",38,"705,6","BA 67 C3"
724,"Rossos","Anatolike","Kilikia II",38,"705,7","BA 67 B4 Rhosos"
725,"Eirenopolis","Anatolike","Kilikia II",38,"705,8","BA 67 C2"
726,"Phlabias","Anatolike","Kilikia II",38,"706,1","BA 67 C2"
727,"Kastabala","Anatolike","Kilikia II",38,"706,2","BA 67 C2"
728,"Kypros","Anatolike","Kypros",38,"706,3","BA 102 F4"
729,"Konstanteia","Anatolike","Kypros",38,"706,4","BA 72 D2"
730,"Tamassos","Anatolike","Kypros",38,"706,5","BA 72 C2"
731,"Kition","Anatolike","Kypros",38,"706,6","BA 72 D3"
732,"Amathous","Anatolike","Kypros",38,"706,7","BA 72 C3"
733,"Kourion","Anatolike","Kypros",38,"706,8","BA 72 B3"
734,"Paphos","Anatolike","Kypros",38,"706,9","BA 72 A3 (Nea) Paphos"
735,"Arsinoe","Anatolike","Kypros",38,"706,10","BA 72 A2"
736,"Soloi","Anatolike","Kypros",38,"707,1","BA 72 B2"
737,"Lapethos","Anatolike","Kypros",38,"707,2","BA 72 C2"
738,"Keramaia?","Anatolike","Kypros",38,"707,3","BA 72 C2 Keryn(e)ia.  Note also Keryneia at 707,6"
739,"Chythroi","Anatolike","Kypros",38,"707,4","BA 72 C2"
740,"Karpasia","Anatolike","Kypros",38,"707,5","BA 72 E1"
741,"Keryneia","Anatolike","Kypros",38,"707,6","Unloc; some confusion with Keramaia? at 707,3 has possibly occurred"
742,"[Tremithous]","Anatolike","Kypros",38,"707,7","BA 72 D2"
743,"[Leukousia]","Anatolike","Kypros",38,"707,8","BA 72 C2 Ledroi"
744,"Isauria","Anatolike","Isauria",38,"708,1","BA 102 F4"
745,"Seleukeia","Anatolike","Isauria",38,"708,2","BA 66 D4"
746,"Kelenderis","Anatolike","Isauria",38,"708,3","BA 66 C4"
747,"Anemourion","Anatolike","Isauria",38,"708,4","BA 66 B4"
748,"Titioupolis","Anatolike","Isauria",38,"709,1","BA 66 B4"
749,"Lamos","Anatolike","Isauria",38,"709,2","BA 66 A4"
750,"Antiocheia","Anatolike","Isauria",38,"709,3","BA 66 A4"
751,"Iouliosebaste","Anatolike","Isauria",39,"709,4","BA 66 A4"
752,"Kestroi","Anatolike","Isauria",39,"709,5","BA 66 A4"
753,"Selinous","Anatolike","Isauria",39,"709,6","BA 66 A4"
754,"Iotape","Anatolike","Isauria",39,"709,7","BA 66 A4"
755,"Diokaisareia","Anatolike","Isauria",39,"709,8","BA 66 D3"
756,"Olba","Anatolike","Isauria",39,"709,9","BA 66 D3"
757,"Klaudioupolis","Anatolike","Isauria",39,"709,10","BA 66 C3"
758,"Hierapolis","Anatolike","Isauria",39,"709,11","BA 66 Koropissos Unloc; TIB Kilikien 271 Hierapolis"
759,"Dalisandos","Anatolike","Isauria",39,"710,1","BA 66 Unloc"
760,"Germanikoupolis","Anatolike","Isauria",39,"710,2","BA 66 B3"
761,"Eirenopolis","Anatolike","Isauria",39,"710,3","BA 66 B4"
762,"Philadelpheia","Anatolike","Isauria",39,"710,4","BA 66 C3"
763,"Meloe","Anatolike","Isauria",39,"710,5","BA 66 C3"
764,"Adrasos","Anatolike","Isauria",39,"710,6","BA 66 C3"
765,"Sbide","Anatolike","Isauria",39,"710,7","BA 66 B3"
766,"Neapolis","Anatolike","Isauria",39,"710,8","BA 66 Unloc"
767,"Lauzadeai","Anatolike","Isauria",39,"710,9","BA 66 B3"
768,"Syria I","Anatolike","Syria I",39,"711,1","BA 102 G4"
769,"Antiocheia","Anatolike","Syria I",39,"711,2","BA 67 C4"
770,"Seleukeia","Anatolike","Syria I",39,"711,3","BA 67 B4"
771,"Laodikeia","Anatolike","Syria I",39,"711,4","BA 68 A2"
772,"Gabala","Anatolike","Syria I",39,"711,5","BA 68 A3"
773,"Paltos","Anatolike","Syria I",39,"711,6","BA 68 A3"
774,"Beroia","Anatolike","Syria I",39,"711,7","BA 67 E4"
775,"Chalcis","Anatolike","Syria I",39,"711,8","BA 68 C2"
776,"Syria II","Anatolike","Syria II",39,"712,1","BA 102 G4"
777,"Apameia","Anatolike","Syria II",39,"712,2","BA 68 B3"
778,"Epiphaneia","Anatolike","Syria II",40,"712,3","BA 68 C3"
779,"Arethousa","Anatolike","Syria II",40,"712,4","BA 68 C4"
780,"Larissa","Anatolike","Syria II",40,"712,5","BA 68 C3"
781,"Mariame","Anatolike","Syria II",40,"712,6","BA 68 B4"
782,"Balaneai","Anatolike","Syria II",40,"712,7","BA 68 A3"
783,"Raphaneai","Anatolike","Syria II",40,"712,8","BA 68 B4"
784,"Seleukobelos","Anatolike","Syria II",40,"712,9","BA 68 B2; TIB Syria 1720"
785,"Euphratesia","Anatolike","Euphratesia",40,"712,10","BA 102 G4"
786,"Hierapolis","Anatolike","Euphratesia",40,"712,11","BA 67 F3"
787,"Kyrros","Anatolike","Euphratesia",40,"713,1","BA 67 D3"
788,"Samosata","Anatolike","Euphratesia",40,"713,2","BA 67 H1"
789,"Doliche","Anatolike","Euphratesia",40,"713,3","BA 67 E2"
790,"Zeugma","Anatolike","Euphratesia",40,"713,4","BA 67 F2"
791,"Germanikeia","Anatolike","Euphratesia",40,"713,5","BA 67 D1"
792,"Perre","Anatolike","Euphratesia",40,"713,6","BA 67 G1"
793,"Nikopolis","Anatolike","Euphratesia",40,"713,7","BA 67 D2"
794,"Skenarchia","Anatolike","Euphratesia",40,"713,8","TIB Syria 1752; Unloc"
795,"Salton Eragizenon","Anatolike","Euphratesia",40,"713,9","BA 67 G4"
796,"Ourima","Anatolike","Euphratesia",40,"713,10","BA 67 F2"
797,"Europos","Anatolike","Euphratesia",40,"713,11","BA 67 G3"
798,"Osroene","Anatolike","Osroene",40,"713,12","BA 102 G4"
799,"Edessa","Anatolike","Osroene",40,"714,1","BA 67 H2"
800,"Constantina","Anatolike","Osroene",40,"714,2","BA 89 B3 Antiochia Arabis"
801,"Theodosioupolis","Anatolike","Osroene",40,"714,3","BA 89 C4 Resaina"
802,"Karrai","Anatolike","Osroene",40,"714,4","BA 67 H3"
803,"Batnai","Anatolike","Osroene",40,"714,5","BA 67 G3"
804,"Nea Oualentia","Anatolike","Osroene",40,"714,6","RE Nea Valentia; Unloc"
805,"Leontopolis He Kai Kallinikos","Anatolike","Osroene",40,"715,1","BA 68 G2 Nicephorium"
806,"Birtha","Anatolike","Osroene",40,"715,2","BA 67 F2"
807,"Mesopotamia","Anatolike","Mesopotamia",40,"715,3","BA 102 G4"
808,"Amida","Anatolike","Mesopotamia",40,"715,4","BA 89 C3"
809,"Phoinike","Anatolike","Phoinike",40,"715,5","BA 102 G5"
810,"Tyros","Anatolike","Phoinike",40,"715,6","BA 69 B3"
811,"Ptolemais","Anatolike","Phoinike",41,"715,7","BA 69 B4 Ake"
812,"Sidon","Anatolike","Phoinike",41,"715,8","BA 69 B2"
813,"Berytos","Anatolike","Phoinike",41,"715,9","BA 69 C2"
814,"Byblos","Anatolike","Phoinike",41,"715,10","BA 68 A5"
815,"Botrys","Anatolike","Phoinike",41,"716,1","BA 68 A5"
816,"Tripolis","Anatolike","Phoinike",41,"716,2","BA 68 A5"
817,"Arkai","Anatolike","Phoinike",41,"716,3","BA 68 B4"
818,"Orthosias","Anatolike","Phoinike",41,"716,4","BA 68 A4"
819,"Arados","Anatolike","Phoinike",41,"716,5","BA 68 A4"
820,"Antarados","Anatolike","Phoinike",41,"716,6","BA 68 A4"
821,"(Konstantina)","Anatolike","Phoinike",41,"716,7","Alternate name for Antarados immediately above"
822,"Po<litiane Kome>?","Anatolike","Phoinike",41,"716,8a","Unloc.  Perhaps only one name - Pogonas - is to be read in this line and the next."
823,"Gonas?","Anatolike","Phoinike",41,"716,8b","Unloc; see note immediately above"
824,"Paneas","Anatolike","Phoinike",41,"716,9","BA 69 C3"
825,"Phoinike Libanesia","Anatolike","Phoinike Libanesia",41,"717,1","BA 102 G5"
826,"Emisa","Anatolike","Phoinike Libanesia",41,"717,2","BA 68 C4 (H)Emesa"
827,"Laodikeia","Anatolike","Phoinike Libanesia",41,"717,3","BA 68 C4"
828,"Damaskos","Anatolike","Phoinike Libanesia",41,"717,4","BA 69 D2"
829,"Helioupolis","Anatolike","Phoinike Libanesia",41,"717,5","BA 69 D1"
830,"Abila","Anatolike","Phoinike Libanesia",41,"717,6","BA 69 D2"
831,"Palmyra","Anatolike","Phoinike Libanesia",41,"717,7","BA 68 F4"
832,"Palaistine I","Anatolike","Palaistine I",41,"717,8","BA 102 F5"
833,"Kaisareia","Anatolike","Palaistine I",41,"718,1","BA 69 A4"
834,"Dora","Anatolike","Palaistine I",41,"718,2","BA 69 A4"
835,"Antipatris","Anatolike","Palaistine I",41,"718,3","BA 70 F1"
836,"Diospolis","Anatolike","Palaistine I",41,"718,4","BA 70 F2 Lydda"
837,"Azotos Paralios","Anatolike","Palaistine I",41,"718,5","BA 70 F2"
838,"Azotos Mesogeios","Anatolike","Palaistine I",41,"718,6","BA 70 F2"
839,"Eleutheropolis","Anatolike","Palaistine I",41,"718,7","BA 70 F2"
840,"Ailia He Kai Hierosolyma","Anatolike","Palaistine I",41,"718,8","BA 70 G2 Ierusalem"
841,"Neapolis","Anatolike","Palaistine I",42,"718,9","BA 69 B5    The next line 718,10 is blank"
842,"Sebaste","Anatolike","Palaistine I",42,"718,11","BA 69 B5"
843,"Anthedon","Anatolike","Palaistine I",42,"719,1","BA 70 E2"
844,"Diokletianoupolis","Anatolike","Palaistine I",42,"719,2","TIR Iudaea 112; Unloc"
845,"Sykomazon","Anatolike","Palaistine I",42,"719,3","BA 70 E3"
846,"Ono","Anatolike","Palaistine I",42,"719,4","BA 70 F1"
847,"Sozousa","Anatolike","Palaistine I",42,"719,5","BA 69 A5 Apollonia"
848,"Ioppe","Anatolike","Palaistine I",42,"719,6","BA 70 F1"
849,"Gaza","Anatolike","Palaistine I",42,"719,7","BA 70 E2"
850,"Raphia","Anatolike","Palaistine I",42,"719,8","BA 70 E3"
851,"Askalon","Anatolike","Palaistine I",42,"719,9","BA 70 F2"
852,"Gazaris?","Anatolike","Palaistine I",42,"719,10","BA 70 F2"
853,"Bitylion","Anatolike","Palaistine I",42,"719,11","BA 70 E3"
854,"Palaistine II","Anatolike","Palaistine II",42,"719,12","BA 102 G5"
855,"Skythopolis","Anatolike","Palaistine II",42,"720,1","BA 69 C4"
856,"Pella","Anatolike","Palaistine II",42,"720,2","BA 69 C5"
857,"Gadara","Anatolike","Palaistine II",42,"720,3","BA 69 C4"
858,"Abila","Anatolike","Palaistine II",42,"720,4","BA 71 B2"
859,"Kapetolias","Anatolike","Palaistine II",42,"720,5","BA 69 C4"
860,"Hippos","Anatolike","Palaistine II",42,"720,6","BA 69 C4"
861,"Tiberias","Anatolike","Palaistine II",42,"720,7","BA 69 C4"
862,"Helenopolis","Anatolike","Palaistine II",42,"720,8","BA 69 B4"
863,"Diokaisareia","Anatolike","Palaistine II",43,"720,9","BA 69 B4 Sepphoris"
864,"Maximianoupolis","Anatolike","Palaistine II",43,"720,10","BA 69 B4 Legio"
865,"Gabai","Anatolike","Palaistine II",43,"720,11","BA 69 B4 Gaba Philippi"
866,"Palaistine III","Anatolike","Palaistine III",43,"721,1","BA 102 F6      Note BA Directory p. 1377:  Honig Map IV errs in excluding Sinai from Palaistine III"
867,"Petra","Anatolike","Palaistine III",43,"721,2","BA 71 A5"
868,"Augoustopolis","Anatolike","Palaistine III",43,"721,3","BA 71 B5 Adrou"
869,"Arindela","Anatolike","Palaistine III",43,"721,4","BA 71 B4"
870,"Charachmoba","Anatolike","Palaistine III",43,"721,5","BA 71 B3"
871,"Areopolis","Anatolike","Palaistine III",43,"721,6","BA 71 B3"
872,"Zoora","Anatolike","Palaistine III",43,"721,7","BA 71 A3"
873,"Mampsis","Anatolike","Palaistine III",43,"721,8","BA 70 G3"
874,"Baitarrous","Anatolike","Palaistine III",43,"721,9","BA 69 A5 Bethther"
875,"Elousa","Anatolike","Palaistine III",43,"721,10","BA 70 F3"
876,"Salton","Anatolike","Palaistine III",43,"721,11","TIR Iudaea 220; Unloc"
877,"Arabia","Anatolike","Arabia",44,"721,12","BA 102 G5"
878,"Bostra","Anatolike","Arabia",44,"722,1","BA 69 D4"
879,"Neila Kome","Anatolike","Arabia",44,"722,2","BA 69 E4 Nelkomia"
880,"Adraa","Anatolike","Arabia",44,"722,3","BA 69 D4"
881,"Dion","Anatolike","Arabia",44,"722,4","BA 69 Unloc"
882,"Hexakomia Kome","Anatolike","Arabia",44,"722,5","Thomsen, Loca Sancta 61; Unloc"
883,"Medaba","Anatolike","Arabia",44,"722,6","BA 71 B2"
884,"Gerasa","Anatolike","Arabia",44,"722,7","BA 69 C5"
885,"Neue?","Anatolike","Arabia",44,"722, 8","BA 69 D4"
886,"Philadelpheia","Anatolike","Arabia",44,"722,9","BA 71 B2"
887,"Neapolis","Anatolike","Arabia",44,"722,10","BA 69 Unloc"
888,"Hierapolis","Anatolike","Arabia",44,"722,11","BA 69 Unloc"
889,"Philippoupolis","Anatolike","Arabia",44,"722,12","BA 69 E4"
890,"Phaina","Anatolike","Arabia",44,"723,1","BA 69 D3"
891,"Konstantia","Anatolike","Arabia",45,"723,2","BA 69 Unloc"
892,"Dionysias","Anatolike","Arabia",45,"723,3","BA 69 E4"
893,"Kanotha","Anatolike","Arabia",45,"723,4","BA 69 E4 Canatha"
894,"Adrassos","Anatolike","Arabia",45,"723,5","RE 2; Unloc"
895,"Aigyptiake","Aigyptiake",,45,"723,6a","BA 102 D5"
896,"Aigyptos","Aigyptiake","Aigyptos",45,"723,6b","BA 102 F5"
897,"Alexandreia","Aigyptiake","Aigyptos",45,"723,7","BA 74 B2"
898,"Hermoupolis","Aigyptiake","Aigyptos",45,"724,1","BA 74 C2 Hermopolis Mikra"
899,"Menelaites","Aigyptiake","Aigyptos",45,"724,2","BA 74 C2 Schedia"
900,"Metelis","Aigyptiake","Aigyptos",45,"724,3","BA 74 C2"
901,"Bouto","Aigyptiake","Aigyptos",45,"724,4","BA 74 D2"
902,"Kabasa","Aigyptiake","Aigyptos",45,"724,5","BA 74 D2"
903,"Sais","Aigyptiake","Aigyptos",45,"724,6","BA 74 D3"
904,"Naukratis","Aigyptiake","Aigyptos",45,"724,7","BA 74 D3"
905,"Andron","Aigyptiake","Aigyptos",45,"724,8","BA 74 D3 Andronpolis"
906,"Nikiou","Aigyptiake","Aigyptos",45,"724,9","BA 74 D4"
907,"Xois","Aigyptiake","Aigyptos",45,"724,10","BA 74 D2"
908,"Phragonis","Aigyptiake","Aigyptos",45,"724,11","BA 74 D2"
909,"Pachnemounis","Aigyptiake","Aigyptos",45,"724,12","BA 74 E2"
910,"Diospolis","Aigyptiake","Aigyptos",45,"725,1","BA 74 F2 Diospolis Kato"
911,"Sebennytos","Aigyptiake","Aigyptos",45,"725,2","BA 74 E3"
912,"Onouphis","Aigyptiake","Aigyptos",45,"725,3","BA 74 D4 Onouphis Ano"
913,"Taua","Aigyptiake","Aigyptos",45,"725,4","BA 74 E3 Taya"
914,"Kleopatris","Aigyptiake","Aigyptos",45,"725,5","BA 74 Unloc"
915,"Kyno","Aigyptiake","Aigyptos",45,"725,6","BA 74 E3 Kynopolis"
916,"Bousiris","Aigyptiake","Aigyptos",46,"725,7","BA 74 E3"
917,"Oasis","Aigyptiake","Aigyptos",46,"725,8","BA 73 F5 Oasis Parva"
918,"Helearkia","Aigyptiake","Aigyptos",46,"726,1","BA 74 Unloc"
919,"Paralos","Aigyptiake","Aigyptos",46,"726,2","BA 74 D2 region of Paralios Limne"
920,"Augoustamnike I","Aigyptiake","Augoustamnike I",46,"726,3","BA 102 F5"
921,"Rinokoroura","Aigyptiake","Augoustamnike I",46,"726,4","BA 70 D3 Rhinocolura"
922,"Ostrakine","Aigyptiake","Augoustamnike I",46,"727,1","BA 70 C3"
923,"Kasion","Aigyptiake","Augoustamnike I",46,"727,2","BA 70 C3"
924,"Pentaskoinon","Aigyptiake","Augoustamnike I",46,"727,3","BA 70 Unloc"
925,"Aphnaion","Aigyptiake","Augoustamnike I",46,"727,4","BA 74 Unloc"
926,"Gerra","Aigyptiake","Augoustamnike I",46,"727,5","BA 70 B3"
927,"Skenai","Aigyptiake","Augoustamnike I",46,"727,6","Unloc C-D"
928,"Pelousion","Aigyptiake","Augoustamnike I",46,"727,7","BA 74 H2"
929,"Sethroites","Aigyptiake","Augoustamnike I",46,"727,8","BA 74 G2 Herakleopolis Mikra"
930,"Hephaistos","Aigyptiake","Augoustamnike I",46,"727,9","BA 74 G2"
931,"Panephysis","Aigyptiake","Augoustamnike I",46,"727,10","BA 74 F2"
932,"Tanis","Aigyptiake","Augoustamnike I",46,"727,11","BA 74 F2"
933,"Thmouis","Aigyptiake","Augoustamnike I",46,"727,12","BA 74 F3"
934,"Augoustamnike II","Aigyptiake","Augoustamnike II",46,"727,13","BA 102 F5"
935,"Leonto","Aigyptiake","Augoustamnike II",46,"728,1","BA 74 E4 Leontopolis"
936,"Athribis","Aigyptiake","Augoustamnike II",46,"728,2","BA 74 E4"
937,"Heliou","Aigyptiake","Augoustamnike II",46,"728,3","BA 74 E4 Heliopolis"
938,"Boubastos","Aigyptiake","Augoustamnike II",46,"728,4","BA 74 E3"
939,"Pharbaithos","Aigyptiake","Augoustamnike II",46,"728,5","BA 74 F3"
940,"Arabia","Aigyptiake","Augoustamnike II",46,"728,6","BA 74 F3 region/nome"
941,"Klysma Kastron","Aigyptiake","Augoustamnike II",46,"728,7","BA 74 H5"
942,"Arkadia","Aigyptiake","Arkadia",46,"729,1","BA 102 F6"
943,"Kyno","Aigyptiake","Arkadia",46,"729,2","BA 75 D4 Kynopolis"
944,"Oxyrynchos","Aigyptiake","Arkadia",46,"729,3","BA 75 D3"
945,"Herakleous","Aigyptiake","Arkadia",46,"729,4","BA 75 D2 Herakleopolis"
946,"Arsinoites","Aigyptiake","Arkadia",46,"729,5","BA 75 D2 region/nome"
947,"Theodosioupolis","Aigyptiake","Arkadia",46,"729,6","BA 75 D2 Tebtynis"
948,"Neiloupolis","Aigyptiake","Arkadia",46,"730,1","BA 75 E2 Tilothis"
949,"Aphrodito","Aigyptiake","Arkadia",47,"730,2","BA 75 E2 Aphrodito(polis)"
950,"Memphis","Aigyptiake","Arkadia",47,"730,3","BA 75 E1"
951,"Letous","Aigyptiake","Arkadia",47,"730,4","BA 74 E4 Letopolis"
952,"Thebais Engista","Aigyptiake","Thebais Engista",47,"730,5","BA 102 F6"
953,"Hermou","Aigyptiake","Thebais Engista",47,"730,6","BA 77 D1 Hermopolis Magna"
954,"Theodosioupolis","Aigyptiake","Thebais Engista",47,"730,7","BA 75 D4"
955,"Antino","Aigyptiake","Thebais Engista",47,"730,8","77 D1 Antinoopolis"
956,"Kousai","Aigyptiake","Thebais Engista",47,"730,9","BA 77 D2"
957,"Lykon","Aigyptiake","Thebais Engista",47,"731,1","BA 77 E2 Lykopolis"
958,"Hypsele","Aigyptiake","Thebais Engista",47,"731,2","BA 77 E2"
959,"Apollonos Mikra","Aigyptiake","Thebais Engista",47,"731,3","BA 77 E3 Apollonopolis Heptakomias Mikra"
960,"Antaiou","Aigyptiake","Thebais Engista",47,"731,4","BA 77 F3 Antaiopolis"
961,"Panos","Aigyptiake","Thebais Engista",47,"731,5","BA 77 F3 Panopolis"
962,"Oasis Megale","Aigyptiake","Thebais Engista",47,"731,6","BA 79 B2"
963,"Thebais Ano","Aigyptiake","Thebais Ano",47,"731,7","BA 102 F6"
964,"Ptolemais","Aigyptiake","Thebais Ano",47,"731,8","BA 77 F4 Ptolemais Hermiou"
965,"Diospolis","Aigyptiake","Thebais Ano",47,"731,9","BA 77 G4 Diospolis Mikra"
966,"Tentyra","Aigyptiake","Thebais Ano",47,"731,10","BA 80 B1"
967,"Maximianoupolis","Aigyptiake","Thebais Ano",47,"731,11","BA 80 B1 Kaine"
968,"Koptos","Aigyptiake","Thebais Ano",47,"732,1","BA 80 B1"
969,"Thebai","Aigyptiake","Thebais Ano",47,"732,2","BA 80 B2"
970,"Diokletianoupolis","Aigyptiake","Thebais Ano",47,"732,3","BA 80 B2 Apollonopolis Parva"
971,"Hermonthis","Aigyptiake","Thebais Ano",47,"732,4","BA 80 B2"
972,"Lato","Aigyptiake","Thebais Ano",47,"732,5","BA 80 B3 Latopolis"
973,"Apollonos","Aigyptiake","Thebais Ano",47,"732,6","BA 80 B4 Apollonopolis Magna"
974,"Omboi","Aigyptiake","Thebais Ano",47,"732,7","BA 80 B5"
975,"Libye He Ano","Aigyptiake","Libye He Ano",47,"732,8","BA 102 D5"
976,"Sozousa","Aigyptiake","Libye He Ano",47,"732,9","BA 38 C1 Apollonia"
977,"Kyrene","Aigyptiake","Libye He Ano",47,"732,10","BA 38 C1"
978,"Ptolemais","Aigyptiake","Libye He Ano",48,"732,11","BA 38 B1"
979,"Taucheira","Aigyptiake","Libye He Ano",48,"733,1","BA 38 B1"
980,"Adriane","Aigyptiake","Libye He Ano",48,"733,2","BA 38 B1 Hadrianopolis"
981,"Beronike","Aigyptiake","Libye He Ano",48,"733,3","BA 38 B1"
982,"Libye He Kato","Aigyptiake","Libye He Kato",48,"733,4","BA 102 E5"
983,"Paraitonion","Aigyptiake","Libye He Kato",48,"733,5","BA 73 E2"
984,"Zeugra","Aigyptiake","Libye He Kato",48,"733,6a","BA 73 D2 Zygris"
985,"Zagylis","Aigyptiake","Libye He Kato",48,"733,6b","BA 73 Unloc"
986,"Pedonia","Aigyptiake","Libye He Kato",48,"734,1","BA 73 F2"
987,"Antiphra","Aigyptiake","Libye He Kato",48,"734,2","BA 73 G3"
988,"Darnis","Aigyptiake","Libye He Kato",48,"734,3","BA 38 D1"
989,"Ammoniake","Aigyptiake","Libye He Kato",48,"734,4","BA 73 C4 Ammon"
